scenario,category,method,config_id,mean_activity,peak_activity,frames_exceeding_ratio,high_change_area_ratio,mae,mse,psnr,ssim,precision,recall,f1,iou,modified_area_ratio,seconds,fps,threshold,blend,block_size,max_luminance_step,profile,desaturation,pattern_contrast_reduction
whole_frame_alternation,target,none,none,0.7543075680732727,0.7543075680732727,1.0,1.0,0.0,0.0,inf,1.0,0.0,0.0,0.0,0.0,0.0,3.541601472534239e-05,677659.5330142125,,,,,,,
small_flashing_square,target,none,none,0.010071826167404652,0.010071825236082077,0.0,0.010416666666666666,0.0,0.0,inf,1.0,0.0,0.0,0.0,0.0,0.0,3.53749783243984e-05,678445.6453913079,,,,,,,
medium_flashing_region,target,none,none,0.18857689201831818,0.18857689201831818,1.0,0.25,0.0,0.0,inf,1.0,0.0,0.0,0.0,0.0,0.0,3.199998172931373e-05,750000.4282194539,,,,,,,
multiple_regions,target,none,none,0.137227863073349,0.14036181569099426,0.9565217391304348,0.1559386322463768,0.0,0.0,inf,1.0,0.0,0.0,0.0,0.0,0.0,3.745799767784774e-05,640717.6434364868,,,,,,,
static_texture,negative,none,none,0.0,0.0,0.0,0.0,0.0,0.0,inf,1.0,1.0,1.0,1.0,1.0,0.0,3.4541008062660694e-05,694826.275957601,,,,,,,
gradual_transition,negative,none,none,0.03379954397678375,0.06708288192749023,0.0,0.0,0.0,0.0,inf,1.0,1.0,1.0,1.0,1.0,0.0,3.345799632370472e-05,717317.3123638666,,,,,,,
scene_cut,confound,none,none,0.028650714084506035,0.6589664220809937,0.043478260869565216,0.043478260869565216,0.0,0.0,inf,1.0,1.0,1.0,1.0,1.0,0.0,3.29169852193445e-05,729106.8680826759,,,,,,,
global_brightness_change,confound,none,none,0.04362306371331215,0.08227011561393738,0.0,0.0,0.0,0.0,inf,1.0,1.0,1.0,1.0,1.0,0.0,3.087500226683915e-05,777327.8781513437,,,,,,,
moving_bright_object,confound,none,none,0.00853796023875475,0.008926048874855042,0.0,0.009963768115942028,0.0,0.0,inf,1.0,1.0,1.0,1.0,1.0,0.0,3.254201146773994e-05,737508.1907211562,,,,,,,
rapid_local_alternation,target,none,none,0.046350106596946716,0.09691385924816132,0.0,0.052309782608695655,0.0,0.0,inf,1.0,0.0,0.0,0.0,0.0,0.0,3.374999505467713e-05,711111.2153088758,,,,,,,
localized_red_alternation,target,none,none,0.05276299640536308,0.05276300013065338,0.0,0.25,0.0,0.0,inf,1.0,0.0,0.0,0.0,0.0,0.0,3.4249998861923814e-05,700729.9502915057,,,,,,,
persistent_regular_pattern,target,none,none,0.0,0.0,0.0,0.0,0.0,0.0,inf,1.0,0.0,0.0,0.0,0.0,0.0,3.220798680558801e-05,745156.7881242443,,,,,,,
whole_frame_alternation,target,global,global_t0.04_a0.35,0.350953608751297,0.35735419392585754,1.0,1.0,0.17588017880916595,0.03246635943651199,14.885664075635983,0.906470775604248,1.0,1.0,1.0,1.0,0.9583333333333334,0.002228166995337233,10771.185485748389,0.04,0.35,,,,,
small_flashing_square,target,global,global_t0.04_a0.35,0.010071826167404652,0.010071825236082077,0.0,0.010416666666666666,0.0,0.0,inf,1.0,0.0,0.0,0.0,0.0,0.0,0.001898457994684577,12641.838832987994,0.04,0.35,,,,,
medium_flashing_region,target,global,global_t0.04_a0.35,0.08773840218782425,0.08933854848146439,0.0,0.25,0.043970055878162384,0.008116589859127998,20.906263988915605,0.9018368124961853,0.25,1.0,0.4,0.25,0.23958333333333334,0.0021436669921968132,11195.768786552517,0.04,0.35,,,,,
multiple_regions,target,global,global_t0.04_a0.35,0.06296571344137192,0.06501670926809311,0.0,0.1559386322463768,0.03331705555319786,0.0074012391269207,21.306955639267393,0.8546476364135742,0.15950520833333334,1.0,0.27512633352049415,0.15950520833333334,0.1528591579861111,0.002118042000802234,11331.22005650016,0.04,0.35,,,,,
static_texture,negative,global,global_t0.04_a0.35,0.0,0.0,0.0,0.0,0.0,0.0,inf,1.0,1.0,1.0,1.0,1.0,0.0,0.001919874979648739,12500.813987581132,0.04,0.35,,,,,
gradual_transition,negative,global,global_t0.04_a0.35,0.032210346311330795,0.06520950794219971,0.0,0.0,0.0066032432951033115,0.00011784378148149699,39.28693329894229,0.9998957514762878,0.0,0.0,0.0,0.0,0.375,0.001983291993383318,12101.092567342115,0.04,0.35,,,,,
scene_cut,confound,global,global_t0.04_a0.35,0.028650714084506035,0.3466281294822693,0.08695652173913043,0.08695652173913043,0.009479166008532047,0.002156510716304183,26.66248379382064,0.9980573654174805,0.0,0.0,0.0,0.0,0.041666666666666664,0.0019286659953650087,12443.834265589305,0.04,0.35,,,,,
global_brightness_change,confound,global,global_t0.04_a0.35,0.04236858710646629,0.07859154045581818,0.0,0.0,0.016879672184586525,0.0005650538951158524,32.47910126985648,0.9987553954124451,0.0,0.0,0.0,0.0,0.5416666666666666,0.0020025419944431633,11984.767393941,0.04,0.35,,,,,
moving_bright_object,confound,global,global_t0.04_a0.35,0.00853796023875475,0.008926048874855042,0.0,0.009963768115942028,0.0,0.0,inf,1.0,1.0,1.0,1.0,1.0,0.0,0.0018757499929051846,12794.882095576344,0.04,0.35,,,,,
rapid_local_alternation,target,global,global_t0.04_a0.35,0.046350106596946716,0.08535182476043701,0.0,0.08084239130434782,0.015791023150086403,0.004974169656634331,23.03279406101958,0.9416095614433289,0.109375,0.4782608695652174,0.17803468208092485,0.09771573604060914,0.050130208333333336,0.0019918330071959645,12049.202876593752,0.04,0.35,,,,,
localized_red_alternation,target,global,global_t0.04_a0.35,0.023573804646730423,0.02404426783323288,0.0,0.0,0.021356891840696335,0.005307256244122982,22.75129943325569,0.9122160077095032,0.25,1.0,0.4,0.25,0.23958333333333334,0.0020556660019792616,11675.048367240604,0.04,0.35,,,,,
persistent_regular_pattern,target,global,global_t0.04_a0.35,0.0,0.0,0.0,0.0,0.0,0.0,inf,1.0,0.0,0.0,0.0,0.0,0.0,0.0016855419962666929,14238.743414971328,0.04,0.35,,,,,
whole_frame_alternation,target,global,global_t0.04_a0.65,0.14688383042812347,0.1573430299758911,0.9130434782608695,0.9130434782608695,0.2687942087650299,0.07768828421831131,11.096444700404591,0.8378171920776367,1.0,1.0,1.0,1.0,0.9583333333333334,0.0020486669964157045,11714.934658482705,0.04,0.65,,,,,
small_flashing_square,target,global,global_t0.04_a0.65,0.010071826167404652,0.010071825236082077,0.0,0.010416666666666666,0.0,0.0,inf,1.0,0.0,0.0,0.0,0.0,0.0,0.0018892500083893538,12703.453695078064,0.04,0.65,,,,,
medium_flashing_region,target,global,global_t0.04_a0.65,0.03672095760703087,0.03933575749397278,0.0,0.22826086956521738,0.06719856709241867,0.019422071054577827,17.117044613684214,0.8711631894111633,0.25,1.0,0.4,0.25,0.23958333333333334,0.002097082993714139,11444.468374374472,0.04,0.65,,,,,
multiple_regions,target,global,global_t0.04_a0.65,0.026269983500242233,0.028375158086419106,0.0,0.1490036231884058,0.05092431604862213,0.01752598211169243,17.563176359155005,0.8385276794433594,0.15950520833333334,1.0,0.27512633352049415,0.15950520833333334,0.1528591579861111,0.0021019999985583127,11417.697438849073,0.04,0.65,,,,,
static_texture,negative,global,global_t0.04_a0.65,0.0,0.0,0.0,0.0,0.0,0.0,inf,1.0,1.0,1.0,1.0,1.0,0.0,0.0019125410181004554,12548.750470113791,0.04,0.65,,,,,
gradual_transition,negative,global,global_t0.04_a0.65,0.028607118874788284,0.059607744216918945,0.0,0.0,0.019328633323311806,0.0010595034109428525,29.748976407924744,0.9990749955177307,0.0,0.0,0.0,0.0,0.375,0.0019791669910773635,12126.31380181596,0.04,0.65,,,,,
scene_cut,confound,global,global_t0.04_a0.65,0.028650714084506035,0.5391077399253845,0.043478260869565216,0.043478260869565216,0.017604170367121696,0.007437761407345533,21.285577572939623,0.9917847514152527,0.0,0.0,0.0,0.0,0.041666666666666664,0.0019088750123046339,12572.85041990475,0.04,0.65,,,,,
global_brightness_change,confound,global,global_t0.04_a0.65,0.04099081829190254,0.12320031970739365,0.08695652173913043,0.08695652173913043,0.04338294640183449,0.003912550862878561,24.075400036119078,0.9921557903289795,0.0,0.0,0.0,0.0,0.5416666666666666,0.0019958330085501075,12025.054148911504,0.04,0.65,,,,,
moving_bright_object,confound,global,global_t0.04_a0.65,0.00853796023875475,0.008926048874855042,0.0,0.009963768115942028,0.0,0.0,inf,1.0,1.0,1.0,1.0,1.0,0.0,0.001898124988656491,12644.056710399984,0.04,0.65,,,,,
rapid_local_alternation,target,global,global_t0.04_a0.65,0.046350106596946716,0.08535182476043701,0.0,0.07608695652173914,0.0293261781334877,0.017155809327960014,17.65588789215139,0.9265670776367188,0.109375,0.4782608695652174,0.17803468208092485,0.09771573604060914,0.050130208333333336,0.0020356670138426125,11789.747457122945,0.04,0.65,,,,,
localized_red_alternation,target,global,global_t0.04_a0.65,0.009553669951856136,0.010453866794705391,0.0,0.0,0.032639309763908386,0.01269965898245573,18.96207940778385,0.8794447779655457,0.25,1.0,0.4,0.25,0.23958333333333334,0.002078416000586003,11547.255214179102,0.04,0.65,,,,,
persistent_regular_pattern,target,global,global_t0.04_a0.65,0.0,0.0,0.0,0.0,0.0,0.0,inf,1.0,0.0,0.0,0.0,0.0,0.0,0.0017036659992299974,14087.268285478041,0.04,0.65,,,,,
whole_frame_alternation,target,global,global_t0.04_a0.85,0.04887261986732483,0.06004698574542999,0.0,0.0,0.31452444195747375,0.11440049111843109,9.415721111237048,0.8029420971870422,1.0,1.0,1.0,1.0,0.9583333333333334,0.0020835409814026207,11518.851903668063,0.04,0.85,,,,,
small_flashing_square,target,global,global_t0.04_a0.85,0.010071826167404652,0.010071825236082077,0.0,0.010416666666666666,0.0,0.0,inf,1.0,0.0,0.0,0.0,0.0,0.0,0.0019250829936936498,12466.99497040971,0.04,0.85,,,,,
medium_flashing_region,target,global,global_t0.04_a0.85,0.012218154966831207,0.015011746436357498,0.0,0.0,0.07863111048936844,0.028600122779607773,15.43632102451667,0.8509446978569031,0.25,1.0,0.4,0.25,0.23958333333333334,0.002090624999254942,11479.820631893876,0.04,0.85,,,,,
multiple_regions,target,global,global_t0.04_a0.85,0.008742920123040676,0.01059979572892189,0.0,0.0,0.05956093594431877,0.025065818801522255,16.009181041299307,0.8203010559082031,0.15950520833333334,1.0,0.27512633352049415,0.15950520833333334,0.1528591579861111,0.002147249993868172,11177.08700362602,0.04,0.85,,,,,
static_texture,negative,global,global_t0.04_a0.85,0.0,0.0,0.0,0.0,0.0,0.0,inf,1.0,1.0,1.0,1.0,1.0,0.0,0.001903458993183449,12608.624659605137,0.04,0.85,,,,,
gradual_transition,negative,global,global_t0.04_a0.85,0.02218451537191868,0.04056757688522339,0.0,0.0,0.038154132664203644,0.004460487514734268,23.5061767191832,0.9960271716117859,0.0,0.0,0.0,0.0,0.375,0.0019785420154221356,12130.144223841227,0.04,0.85,,,,,
scene_cut,confound,global,global_t0.04_a0.85,0.028650714084506035,0.6200639605522156,0.043478260869565216,0.043478260869565216,0.023020830005407333,0.012719012796878815,18.955465957242488,0.9843189120292664,0.0,0.0,0.0,0.0,0.041666666666666664,0.001959999994141981,12244.897995781042,0.04,0.85,,,,,
global_brightness_change,confound,global,global_t0.04_a0.85,0.040001969784498215,0.24050083756446838,0.08695652173913043,0.08695652173913043,0.0727323591709137,0.01178191788494587,19.287840084408984,0.9792347550392151,0.0,0.0,0.0,0.0,0.5416666666666666,0.0019701250130310655,12181.9680686535,0.04,0.85,,,,,
moving_bright_object,confound,global,global_t0.04_a0.85,0.00853796023875475,0.008926048874855042,0.0,0.009963768115942028,0.0,0.0,inf,1.0,1.0,1.0,1.0,1.0,0.0,0.001908333011670038,12576.42133381998,0.04,0.85,,,,,
rapid_local_alternation,target,global,global_t0.04_a0.85,0.046350106596946716,0.0942138060927391,0.0,0.07608695652173914,0.03834960609674454,0.029337452724575996,15.325775972304985,0.9119983315467834,0.109375,0.4782608695652174,0.17803468208092485,0.09771573604060914,0.050130208333333336,0.0019996670016553253,12001.998322787138,0.04,0.85,,,,,
localized_red_alternation,target,global,global_t0.04_a0.85,0.0029364549554884434,0.003961971960961819,0.0,0.0,0.038192253559827805,0.0187009796500206,17.28135642369694,0.861208438873291,0.25,1.0,0.4,0.25,0.23958333333333334,0.0020591249922290444,11655.436212261944,0.04,0.85,,,,,
persistent_regular_pattern,target,global,global_t0.04_a0.85,0.0,0.0,0.0,0.0,0.0,0.0,inf,1.0,0.0,0.0,0.0,0.0,0.0,0.0016959170170594007,14151.635816246653,0.04,0.85,,,,,
whole_frame_alternation,target,global,global_t0.08_a0.35,0.350953608751297,0.35735419392585754,1.0,1.0,0.17588017880916595,0.03246635943651199,14.885664075635983,0.906470775604248,1.0,1.0,1.0,1.0,0.9583333333333334,0.0020698340085800737,11595.132701710816,0.08,0.35,,,,,
small_flashing_square,target,global,global_t0.08_a0.35,0.010071826167404652,0.010071825236082077,0.0,0.010416666666666666,0.0,0.0,inf,1.0,0.0,0.0,0.0,0.0,0.0,0.0019165830162819475,12522.285649049794,0.08,0.35,,,,,
medium_flashing_region,target,global,global_t0.08_a0.35,0.08773840218782425,0.08933854848146439,0.0,0.25,0.043970055878162384,0.008116589859127998,20.906263988915605,0.9018368124961853,0.25,1.0,0.4,0.25,0.23958333333333334,0.002078792022075504,11545.16649339358,0.08,0.35,,,,,
multiple_regions,target,global,global_t0.08_a0.35,0.06595084071159363,0.08941394090652466,0.0,0.1559386322463768,0.032600756734609604,0.0073129720985889435,21.359060835499047,0.8553937077522278,0.15950520833333334,0.9565217391304348,0.2734166941436072,0.1583570819990011,0.1462131076388889,0.0020987080060876906,11435.607016499467,0.08,0.35,,,,,
static_texture,negative,global,global_t0.08_a0.35,0.0,0.0,0.0,0.0,0.0,0.0,inf,1.0,1.0,1.0,1.0,1.0,0.0,0.001910457998747006,12562.432681451595,0.08,0.35,,,,,
gradual_transition,negative,global,global_t0.08_a0.35,0.03379954397678375,0.06708288192749023,0.0,0.0,0.0,0.0,inf,1.0,1.0,1.0,1.0,1.0,0.0,0.0019352090021129698,12401.761243253548,0.08,0.35,,,,,
scene_cut,confound,global,global_t0.08_a0.35,0.028650714084506035,0.3466281294822693,0.08695652173913043,0.08695652173913043,0.009479166008532047,0.002156510716304183,26.66248379382064,0.9980573654174805,0.0,0.0,0.0,0.0,0.041666666666666664,0.0019398750155232847,12371.93108213003,0.08,0.35,,,,,
global_brightness_change,confound,global,global_t0.08_a0.35,0.04362306371331215,0.11013498902320862,0.0,0.0,0.0021108214277774096,5.353397864382714e-05,42.713704786631006,0.999922513961792,0.0,0.0,0.0,0.0,0.08333333333333333,0.0019344589964020997,12406.569508393613,0.08,0.35,,,,,
moving_bright_object,confound,global,global_t0.08_a0.35,0.00853796023875475,0.008926048874855042,0.0,0.009963768115942028,0.0,0.0,inf,1.0,1.0,1.0,1.0,1.0,0.0,0.001916915993206203,12520.110471746852,0.08,0.35,,,,,
rapid_local_alternation,target,global,global_t0.08_a0.35,0.046350106596946716,0.08535182476043701,0.0,0.08084239130434782,0.015791023150086403,0.004974169656634331,23.03279406101958,0.9416095614433289,0.109375,0.4782608695652174,0.17803468208092485,0.09771573604060914,0.050130208333333336,0.0020195000106468797,11884.129672429364,0.08,0.35,,,,,
localized_red_alternation,target,global,global_t0.08_a0.35,0.05276299640536308,0.05276300013065338,0.0,0.25,0.0,0.0,inf,1.0,0.0,0.0,0.0,0.0,0.0,0.0019380420271772891,12383.632379198409,0.08,0.35,,,,,
persistent_regular_pattern,target,global,global_t0.08_a0.35,0.0,0.0,0.0,0.0,0.0,0.0,inf,1.0,0.0,0.0,0.0,0.0,0.0,0.0016959579952526838,14151.293880615362,0.08,0.35,,,,,
whole_frame_alternation,target,global,global_t0.08_a0.65,0.14688383042812347,0.1573430299758911,0.9130434782608695,0.9130434782608695,0.2687942087650299,0.07768828421831131,11.096444700404591,0.8378171920776367,1.0,1.0,1.0,1.0,0.9583333333333334,0.002083999977912754,11516.314901326143,0.08,0.65,,,,,
small_flashing_square,target,global,global_t0.08_a0.65,0.010071826167404652,0.010071825236082077,0.0,0.010416666666666666,0.0,0.0,inf,1.0,0.0,0.0,0.0,0.0,0.0,0.0019182499963790178,12511.403646711102,0.08,0.65,,,,,
medium_flashing_region,target,global,global_t0.08_a0.65,0.03672095760703087,0.03933575749397278,0.0,0.22826086956521738,0.06719856709241867,0.019422071054577827,17.117044613684214,0.8711631894111633,0.25,1.0,0.4,0.25,0.23958333333333334,0.0020953339990228415,11454.021178099718,0.08,0.65,,,,,
multiple_regions,target,global,global_t0.08_a0.65,0.030709370970726013,0.06828092783689499,0.0,0.1523720561594203,0.04983585700392723,0.017526164650917053,17.563131126103503,0.8442564010620117,0.15950520833333334,0.9565217391304348,0.2734166941436072,0.1583570819990011,0.1462131076388889,0.0020857919880654663,11506.420648522846,0.08,0.65,,,,,
static_texture,negative,global,global_t0.08_a0.65,0.0,0.0,0.0,0.0,0.0,0.0,inf,1.0,1.0,1.0,1.0,1.0,0.0,0.0019119580101687461,12552.576924993138,0.08,0.65,,,,,
gradual_transition,negative,global,global_t0.08_a0.65,0.03379954397678375,0.06708288192749023,0.0,0.0,0.0,0.0,inf,1.0,1.0,1.0,1.0,1.0,0.0,0.0019164579862263054,12523.102605165044,0.08,0.65,,,,,
scene_cut,confound,global,global_t0.08_a0.65,0.028650714084506035,0.5391077399253845,0.043478260869565216,0.043478260869565216,0.017604170367121696,0.007437761407345533,21.285577572939623,0.9917847514152527,0.0,0.0,0.0,0.0,0.041666666666666664,0.0018819170072674751,12752.953455077046,0.08,0.65,,,,,
global_brightness_change,confound,global,global_t0.08_a0.65,0.04362306371331215,0.13462063670158386,0.08695652173913043,0.08695652173913043,0.003920100629329681,0.00018463794549461454,37.3367904098383,0.9997320175170898,0.0,0.0,0.0,0.0,0.08333333333333333,0.001935792010044679,12398.026169891087,0.08,0.65,,,,,
moving_bright_object,confound,global,global_t0.08_a0.65,0.00853796023875475,0.008926048874855042,0.0,0.009963768115942028,0.0,0.0,inf,1.0,1.0,1.0,1.0,1.0,0.0,0.0019261249981354922,12460.250515014464,0.08,0.65,,,,,
rapid_local_alternation,target,global,global_t0.08_a0.65,0.046350106596946716,0.08535182476043701,0.0,0.07608695652173914,0.0293261781334877,0.017155809327960014,17.65588789215139,0.9265670776367188,0.109375,0.4782608695652174,0.17803468208092485,0.09771573604060914,0.050130208333333336,0.0020072500046808273,11956.657090064991,0.08,0.65,,,,,
localized_red_alternation,target,global,global_t0.08_a0.65,0.05276299640536308,0.05276300013065338,0.0,0.25,0.0,0.0,inf,1.0,0.0,0.0,0.0,0.0,0.0,0.001923750009154901,12475.633468895028,0.08,0.65,,,,,
persistent_regular_pattern,target,global,global_t0.08_a0.65,0.0,0.0,0.0,0.0,0.0,0.0,inf,1.0,0.0,0.0,0.0,0.0,0.0,0.0017109159962274134,14027.573564640366,0.08,0.65,,,,,
whole_frame_alternation,target,global,global_t0.08_a0.85,0.04887261986732483,0.06004698574542999,0.0,0.0,0.31452444195747375,0.11440049111843109,9.415721111237048,0.8029420971870422,1.0,1.0,1.0,1.0,0.9583333333333334,0.002203999989433214,10889.292248214528,0.08,0.85,,,,,
small_flashing_square,target,global,global_t0.08_a0.85,0.010071826167404652,0.010071825236082077,0.0,0.010416666666666666,0.0,0.0,inf,1.0,0.0,0.0,0.0,0.0,0.0,0.0019404159975238144,12368.481825869636,0.08,0.85,,,,,
medium_flashing_region,target,global,global_t0.08_a0.85,0.012218154966831207,0.015011746436357498,0.0,0.0,0.07863111048936844,0.028600122779607773,15.43632102451667,0.8509446978569031,0.25,1.0,0.4,0.25,0.23958333333333334,0.00204583301092498,11731.162744875697,0.08,0.85,,,,,
multiple_regions,target,global,global_t0.08_a0.85,0.01367050688713789,0.06828092783689499,0.0,0.016842164855072464,0.05826130136847496,0.025843217968940735,15.876534094408917,0.8390224575996399,0.15950520833333334,0.9565217391304348,0.2734166941436072,0.1583570819990011,0.1462131076388889,0.0021007500181440264,11424.491154451378,0.08,0.85,,,,,
static_texture,negative,global,global_t0.08_a0.85,0.0,0.0,0.0,0.0,0.0,0.0,inf,1.0,1.0,1.0,1.0,1.0,0.0,0.0019296249956823885,12437.64983025248,0.08,0.85,,,,,
gradual_transition,negative,global,global_t0.08_a0.85,0.03379954397678375,0.06708288192749023,0.0,0.0,0.0,0.0,inf,1.0,1.0,1.0,1.0,1.0,0.0,0.0018949589866679162,12665.18176322193,0.08,0.85,,,,,
scene_cut,confound,global,global_t0.08_a0.85,0.028650714084506035,0.6200639605522156,0.043478260869565216,0.043478260869565216,0.023020830005407333,0.012719012796878815,18.955465957242488,0.9843189120292664,0.0,0.0,0.0,0.0,0.041666666666666664,0.00193500000750646,12403.100727078358,0.08,0.85,,,,,
global_brightness_change,confound,global,global_t0.08_a0.85,0.04362306371331215,0.1502615511417389,0.08695652173913043,0.08695652173913043,0.005126287695020437,0.000315742043312639,35.00667584838996,0.9995405673980713,0.0,0.0,0.0,0.0,0.08333333333333333,0.0019554999889805913,12273.076008817203,0.08,0.85,,,,,
moving_bright_object,confound,global,global_t0.08_a0.85,0.00853796023875475,0.008926048874855042,0.0,0.009963768115942028,0.0,0.0,inf,1.0,1.0,1.0,1.0,1.0,0.0,0.0019070419948548079,12584.93523726898,0.08,0.85,,,,,
rapid_local_alternation,target,global,global_t0.08_a0.85,0.046350106596946716,0.0942138060927391,0.0,0.07608695652173914,0.03834960609674454,0.029337452724575996,15.325775972304985,0.9119983315467834,0.109375,0.4782608695652174,0.17803468208092485,0.09771573604060914,0.050130208333333336,0.0019967079861089587,12019.784649015943,0.08,0.85,,,,,
localized_red_alternation,target,global,global_t0.08_a0.85,0.05276299640536308,0.05276300013065338,0.0,0.25,0.0,0.0,inf,1.0,0.0,0.0,0.0,0.0,0.0,0.001939417008543387,12374.852800752413,0.08,0.85,,,,,
persistent_regular_pattern,target,global,global_t0.08_a0.85,0.0,0.0,0.0,0.0,0.0,0.0,inf,1.0,0.0,0.0,0.0,0.0,0.0,0.001642541988985613,14611.498616739602,0.08,0.85,,,,,
whole_frame_alternation,target,global,global_t0.12_a0.35,0.350953608751297,0.35735419392585754,1.0,1.0,0.17588017880916595,0.03246635943651199,14.885664075635983,0.906470775604248,1.0,1.0,1.0,1.0,0.9583333333333334,0.002067207999061793,11609.862196204955,0.12,0.35,,,,,
small_flashing_square,target,global,global_t0.12_a0.35,0.010071826167404652,0.010071825236082077,0.0,0.010416666666666666,0.0,0.0,inf,1.0,0.0,0.0,0.0,0.0,0.0,0.001892708009108901,12680.244329551579,0.12,0.35,,,,,
medium_flashing_region,target,global,global_t0.12_a0.35,0.08773840218782425,0.08933854848146439,0.0,0.25,0.043970055878162384,0.008116589859127998,20.906263988915605,0.9018368124961853,0.25,1.0,0.4,0.25,0.23958333333333334,0.0021187080128584057,11327.658107839483,0.12,0.35,,,,,
multiple_regions,target,global,global_t0.12_a0.35,0.06595084071159363,0.08941394090652466,0.0,0.1559386322463768,0.032600756734609604,0.0073129720985889435,21.359060835499047,0.8553937077522278,0.15950520833333334,0.9565217391304348,0.2734166941436072,0.1583570819990011,0.1462131076388889,0.0020891250169370323,11488.06309121106,0.12,0.35,,,,,
static_texture,negative,global,global_t0.12_a0.35,0.0,0.0,0.0,0.0,0.0,0.0,inf,1.0,1.0,1.0,1.0,1.0,0.0,0.0019174170156475157,12516.838957901471,0.12,0.35,,,,,
gradual_transition,negative,global,global_t0.12_a0.35,0.03379954397678375,0.06708288192749023,0.0,0.0,0.0,0.0,inf,1.0,1.0,1.0,1.0,1.0,0.0,0.0019058340112678707,12592.912004982962,0.12,0.35,,,,,
scene_cut,confound,global,global_t0.12_a0.35,0.028650714084506035,0.3466281294822693,0.08695652173913043,0.08695652173913043,0.009479166008532047,0.002156510716304183,26.66248379382064,0.9980573654174805,0.0,0.0,0.0,0.0,0.041666666666666664,0.0019724160083569586,12167.818501935719,0.12,0.35,,,,,
global_brightness_change,confound,global,global_t0.12_a0.35,0.04362306371331215,0.08227011561393738,0.0,0.0,0.0,0.0,inf,1.0,1.0,1.0,1.0,1.0,0.0,0.0018978340085595846,12645.995325068227,0.12,0.35,,,,,
moving_bright_object,confound,global,global_t0.12_a0.35,0.00853796023875475,0.008926048874855042,0.0,0.009963768115942028,0.0,0.0,inf,1.0,1.0,1.0,1.0,1.0,0.0,0.001913250016514212,12544.100244528458,0.12,0.35,,,,,
rapid_local_alternation,target,global,global_t0.12_a0.35,0.046350106596946716,0.09691385924816132,0.0,0.052309782608695655,0.0,0.0,inf,1.0,0.0,0.0,0.0,0.0,0.0,0.0019234999781474471,12477.255145651094,0.12,0.35,,,,,
localized_red_alternation,target,global,global_t0.12_a0.35,0.05276299640536308,0.05276300013065338,0.0,0.25,0.0,0.0,inf,1.0,0.0,0.0,0.0,0.0,0.0,0.0019126669794786721,12547.924054474754,0.12,0.35,,,,,
persistent_regular_pattern,target,global,global_t0.12_a0.35,0.0,0.0,0.0,0.0,0.0,0.0,inf,1.0,0.0,0.0,0.0,0.0,0.0,0.0016919999907258898,14184.397240867413,0.12,0.35,,,,,
whole_frame_alternation,target,global,global_t0.12_a0.65,0.14688383042812347,0.1573430299758911,0.9130434782608695,0.9130434782608695,0.2687942087650299,0.07768828421831131,11.096444700404591,0.8378171920776367,1.0,1.0,1.0,1.0,0.9583333333333334,0.002075416996376589,11563.941146237557,0.12,0.65,,,,,
small_flashing_square,target,global,global_t0.12_a0.65,0.010071826167404652,0.010071825236082077,0.0,0.010416666666666666,0.0,0.0,inf,1.0,0.0,0.0,0.0,0.0,0.0,0.0018928750068880618,12679.125622487169,0.12,0.65,,,,,
medium_flashing_region,target,global,global_t0.12_a0.65,0.03672095760703087,0.03933575749397278,0.0,0.22826086956521738,0.06719856709241867,0.019422071054577827,17.117044613684214,0.8711631894111633,0.25,1.0,0.4,0.25,0.23958333333333334,0.0020710410026367754,11588.375106742966,0.12,0.65,,,,,
multiple_regions,target,global,global_t0.12_a0.65,0.030709370970726013,0.06828092783689499,0.0,0.1523720561594203,0.04983585700392723,0.017526164650917053,17.563131126103503,0.8442564010620117,0.15950520833333334,0.9565217391304348,0.2734166941436072,0.1583570819990011,0.1462131076388889,0.0021027500042691827,11413.624991688574,0.12,0.65,,,,,
static_texture,negative,global,global_t0.12_a0.65,0.0,0.0,0.0,0.0,0.0,0.0,inf,1.0,1.0,1.0,1.0,1.0,0.0,0.0019293750228825957,12439.261271322275,0.12,0.65,,,,,
gradual_transition,negative,global,global_t0.12_a0.65,0.03379954397678375,0.06708288192749023,0.0,0.0,0.0,0.0,inf,1.0,1.0,1.0,1.0,1.0,0.0,0.001903249998576939,12610.00920422688,0.12,0.65,,,,,
scene_cut,confound,global,global_t0.12_a0.65,0.028650714084506035,0.5391077399253845,0.043478260869565216,0.043478260869565216,0.017604170367121696,0.007437761407345533,21.285577572939623,0.9917847514152527,0.0,0.0,0.0,0.0,0.041666666666666664,0.0019117500050924718,12553.94268919545,0.12,0.65,,,,,
global_brightness_change,confound,global,global_t0.12_a0.65,0.04362306371331215,0.08227011561393738,0.0,0.0,0.0,0.0,inf,1.0,1.0,1.0,1.0,1.0,0.0,0.0019446250225882977,12341.710983465582,0.12,0.65,,,,,
moving_bright_object,confound,global,global_t0.12_a0.65,0.00853796023875475,0.008926048874855042,0.0,0.009963768115942028,0.0,0.0,inf,1.0,1.0,1.0,1.0,1.0,0.0,0.001924957992741838,12467.80453936831,0.12,0.65,,,,,
rapid_local_alternation,target,global,global_t0.12_a0.65,0.046350106596946716,0.09691385924816132,0.0,0.052309782608695655,0.0,0.0,inf,1.0,0.0,0.0,0.0,0.0,0.0,0.001916959008667618,12519.829527643993,0.12,0.65,,,,,
localized_red_alternation,target,global,global_t0.12_a0.65,0.05276299640536308,0.05276300013065338,0.0,0.25,0.0,0.0,inf,1.0,0.0,0.0,0.0,0.0,0.0,0.0019267080060672015,12456.480133172243,0.12,0.65,,,,,
persistent_regular_pattern,target,global,global_t0.12_a0.65,0.0,0.0,0.0,0.0,0.0,0.0,inf,1.0,0.0,0.0,0.0,0.0,0.0,0.001636415981920436,14666.197510387614,0.12,0.65,,,,,
whole_frame_alternation,target,global,global_t0.12_a0.85,0.04887261986732483,0.06004698574542999,0.0,0.0,0.31452444195747375,0.11440049111843109,9.415721111237048,0.8029420971870422,1.0,1.0,1.0,1.0,0.9583333333333334,0.002077874989481643,11550.261744084595,0.12,0.85,,,,,
small_flashing_square,target,global,global_t0.12_a0.85,0.010071826167404652,0.010071825236082077,0.0,0.010416666666666666,0.0,0.0,inf,1.0,0.0,0.0,0.0,0.0,0.0,0.0018915419932454824,12688.060897247711,0.12,0.85,,,,,
medium_flashing_region,target,global,global_t0.12_a0.85,0.012218154966831207,0.015011746436357498,0.0,0.0,0.07863111048936844,0.028600122779607773,15.43632102451667,0.8509446978569031,0.25,1.0,0.4,0.25,0.23958333333333334,0.0020889580191578716,11488.981482583933,0.12,0.85,,,,,
multiple_regions,target,global,global_t0.12_a0.85,0.01367050688713789,0.06828092783689499,0.0,0.016842164855072464,0.05826130136847496,0.025843217968940735,15.876534094408917,0.8390224575996399,0.15950520833333334,0.9565217391304348,0.2734166941436072,0.1583570819990011,0.1462131076388889,0.0020648339996114373,11623.210391012713,0.12,0.85,,,,,
static_texture,negative,global,global_t0.12_a0.85,0.0,0.0,0.0,0.0,0.0,0.0,inf,1.0,1.0,1.0,1.0,1.0,0.0,0.0019391249807085842,12376.716425585964,0.12,0.85,,,,,
gradual_transition,negative,global,global_t0.12_a0.85,0.03379954397678375,0.06708288192749023,0.0,0.0,0.0,0.0,inf,1.0,1.0,1.0,1.0,1.0,0.0,0.0019003339984919876,12629.358849047183,0.12,0.85,,,,,
scene_cut,confound,global,global_t0.12_a0.85,0.028650714084506035,0.6200639605522156,0.043478260869565216,0.043478260869565216,0.023020830005407333,0.012719012796878815,18.955465957242488,0.9843189120292664,0.0,0.0,0.0,0.0,0.041666666666666664,0.0019150000007357448,12532.637070902965,0.12,0.85,,,,,
global_brightness_change,confound,global,global_t0.12_a0.85,0.04362306371331215,0.08227011561393738,0.0,0.0,0.0,0.0,inf,1.0,1.0,1.0,1.0,1.0,0.0,0.001908249978441745,12576.968568655833,0.12,0.85,,,,,
moving_bright_object,confound,global,global_t0.12_a0.85,0.00853796023875475,0.008926048874855042,0.0,0.009963768115942028,0.0,0.0,inf,1.0,1.0,1.0,1.0,1.0,0.0,0.0018708339775912464,12828.503377355111,0.12,0.85,,,,,
rapid_local_alternation,target,global,global_t0.12_a0.85,0.046350106596946716,0.09691385924816132,0.0,0.052309782608695655,0.0,0.0,inf,1.0,0.0,0.0,0.0,0.0,0.0,0.0019308750052005053,12429.59794671318,0.12,0.85,,,,,
localized_red_alternation,target,global,global_t0.12_a0.85,0.05276299640536308,0.05276300013065338,0.0,0.25,0.0,0.0,inf,1.0,0.0,0.0,0.0,0.0,0.0,0.0019308750052005053,12429.59794671318,0.12,0.85,,,,,
persistent_regular_pattern,target,global,global_t0.12_a0.85,0.0,0.0,0.0,0.0,0.0,0.0,inf,1.0,0.0,0.0,0.0,0.0,0.0,0.0017007499991450459,14111.421438815003,0.12,0.85,,,,,
whole_frame_alternation,target,global,global_t0.18_a0.35,0.350953608751297,0.35735419392585754,1.0,1.0,0.17588017880916595,0.03246635943651199,14.885664075635983,0.906470775604248,1.0,1.0,1.0,1.0,0.9583333333333334,0.0021018750267103314,11418.376304495456,0.18,0.35,,,,,
small_flashing_square,target,global,global_t0.18_a0.35,0.010071826167404652,0.010071825236082077,0.0,0.010416666666666666,0.0,0.0,inf,1.0,0.0,0.0,0.0,0.0,0.0,0.0019528330012690276,12289.837371861218,0.18,0.35,,,,,
medium_flashing_region,target,global,global_t0.18_a0.35,0.08773840218782425,0.08933854848146439,0.0,0.25,0.043970055878162384,0.008116589859127998,20.906263988915605,0.9018368124961853,0.25,1.0,0.4,0.25,0.23958333333333334,0.002094583003781736,11458.127921723983,0.18,0.35,,,,,
multiple_regions,target,global,global_t0.18_a0.35,0.137227863073349,0.14036181569099426,0.9565217391304348,0.1559386322463768,0.0,0.0,inf,1.0,0.0,0.0,0.0,0.0,0.0,0.001933625026140362,12411.920447629662,0.18,0.35,,,,,
static_texture,negative,global,global_t0.18_a0.35,0.0,0.0,0.0,0.0,0.0,0.0,inf,1.0,1.0,1.0,1.0,1.0,0.0,0.001891541003715247,12688.067534809288,0.18,0.35,,,,,
gradual_transition,negative,global,global_t0.18_a0.35,0.03379954397678375,0.06708288192749023,0.0,0.0,0.0,0.0,inf,1.0,1.0,1.0,1.0,1.0,0.0,0.0019042500061914325,12603.387119320982,0.18,0.35,,,,,
scene_cut,confound,global,global_t0.18_a0.35,0.028650714084506035,0.3466281294822693,0.08695652173913043,0.08695652173913043,0.009479166008532047,0.002156510716304183,26.66248379382064,0.9980573654174805,0.0,0.0,0.0,0.0,0.041666666666666664,0.0019095829920843244,12568.189023198105,0.18,0.35,,,,,
global_brightness_change,confound,global,global_t0.18_a0.35,0.04362306371331215,0.08227011561393738,0.0,0.0,0.0,0.0,inf,1.0,1.0,1.0,1.0,1.0,0.0,0.0019372499955352396,12388.695344076685,0.18,0.35,,,,,
moving_bright_object,confound,global,global_t0.18_a0.35,0.00853796023875475,0.008926048874855042,0.0,0.009963768115942028,0.0,0.0,inf,1.0,1.0,1.0,1.0,1.0,0.0,0.0020958750101272017,11451.064535830028,0.18,0.35,,,,,
rapid_local_alternation,target,global,global_t0.18_a0.35,0.046350106596946716,0.09691385924816132,0.0,0.052309782608695655,0.0,0.0,inf,1.0,0.0,0.0,0.0,0.0,0.0,0.001936915999976918,12390.831610811209,0.18,0.35,,,,,
localized_red_alternation,target,global,global_t0.18_a0.35,0.05276299640536308,0.05276300013065338,0.0,0.25,0.0,0.0,inf,1.0,0.0,0.0,0.0,0.0,0.0,0.001924125012010336,12473.202026995468,0.18,0.35,,,,,
persistent_regular_pattern,target,global,global_t0.18_a0.35,0.0,0.0,0.0,0.0,0.0,0.0,inf,1.0,0.0,0.0,0.0,0.0,0.0,0.0016506249958183616,14539.947026611617,0.18,0.35,,,,,
whole_frame_alternation,target,global,global_t0.18_a0.65,0.14688383042812347,0.1573430299758911,0.9130434782608695,0.9130434782608695,0.2687942087650299,0.07768828421831131,11.096444700404591,0.8378171920776367,1.0,1.0,1.0,1.0,0.9583333333333334,0.0020509579917415977,11701.84864665126,0.18,0.65,,,,,
small_flashing_square,target,global,global_t0.18_a0.65,0.010071826167404652,0.010071825236082077,0.0,0.010416666666666666,0.0,0.0,inf,1.0,0.0,0.0,0.0,0.0,0.0,0.0019103749946225435,12562.978508176077,0.18,0.65,,,,,
medium_flashing_region,target,global,global_t0.18_a0.65,0.03672095760703087,0.03933575749397278,0.0,0.22826086956521738,0.06719856709241867,0.019422071054577827,17.117044613684214,0.8711631894111633,0.25,1.0,0.4,0.25,0.23958333333333334,0.00208658300107345,11502.058622951072,0.18,0.65,,,,,
multiple_regions,target,global,global_t0.18_a0.65,0.137227863073349,0.14036181569099426,0.9565217391304348,0.1559386322463768,0.0,0.0,inf,1.0,0.0,0.0,0.0,0.0,0.0,0.0019542919762898237,12280.662404173312,0.18,0.65,,,,,
static_texture,negative,global,global_t0.18_a0.65,0.0,0.0,0.0,0.0,0.0,0.0,inf,1.0,1.0,1.0,1.0,1.0,0.0,0.0019058750185649842,12592.641052649213,0.18,0.65,,,,,
gradual_transition,negative,global,global_t0.18_a0.65,0.03379954397678375,0.06708288192749023,0.0,0.0,0.0,0.0,inf,1.0,1.0,1.0,1.0,1.0,0.0,0.0019091670110356063,12570.927457510104,0.18,0.65,,,,,
scene_cut,confound,global,global_t0.18_a0.65,0.028650714084506035,0.5391077399253845,0.043478260869565216,0.043478260869565216,0.017604170367121696,0.007437761407345533,21.285577572939623,0.9917847514152527,0.0,0.0,0.0,0.0,0.041666666666666664,0.0019071659771725535,12584.117107406099,0.18,0.65,,,,,
global_brightness_change,confound,global,global_t0.18_a0.65,0.04362306371331215,0.08227011561393738,0.0,0.0,0.0,0.0,inf,1.0,1.0,1.0,1.0,1.0,0.0,0.0019059169862885028,12592.363766449515,0.18,0.65,,,,,
moving_bright_object,confound,global,global_t0.18_a0.65,0.00853796023875475,0.008926048874855042,0.0,0.009963768115942028,0.0,0.0,inf,1.0,1.0,1.0,1.0,1.0,0.0,0.0018804999999701977,12762.563148301171,0.18,0.65,,,,,
rapid_local_alternation,target,global,global_t0.18_a0.65,0.046350106596946716,0.09691385924816132,0.0,0.052309782608695655,0.0,0.0,inf,1.0,0.0,0.0,0.0,0.0,0.0,0.0019438330200500786,12346.739535982208,0.18,0.65,,,,,
localized_red_alternation,target,global,global_t0.18_a0.65,0.05276299640536308,0.05276300013065338,0.0,0.25,0.0,0.0,inf,1.0,0.0,0.0,0.0,0.0,0.0,0.0019303750013932586,12432.817448774395,0.18,0.65,,,,,
persistent_regular_pattern,target,global,global_t0.18_a0.65,0.0,0.0,0.0,0.0,0.0,0.0,inf,1.0,0.0,0.0,0.0,0.0,0.0,0.0017076249932870269,14054.608063449648,0.18,0.65,,,,,
whole_frame_alternation,target,global,global_t0.18_a0.85,0.04887261986732483,0.06004698574542999,0.0,0.0,0.31452444195747375,0.11440049111843109,9.415721111237048,0.8029420971870422,1.0,1.0,1.0,1.0,0.9583333333333334,0.002106790983816609,11391.732822267073,0.18,0.85,,,,,
small_flashing_square,target,global,global_t0.18_a0.85,0.010071826167404652,0.010071825236082077,0.0,0.010416666666666666,0.0,0.0,inf,1.0,0.0,0.0,0.0,0.0,0.0,0.0019200000097043812,12499.999936820435,0.18,0.85,,,,,
medium_flashing_region,target,global,global_t0.18_a0.85,0.012218154966831207,0.015011746436357498,0.0,0.0,0.07863111048936844,0.028600122779607773,15.43632102451667,0.8509446978569031,0.25,1.0,0.4,0.25,0.23958333333333334,0.0021000420092605054,11428.342811318902,0.18,0.85,,,,,
multiple_regions,target,global,global_t0.18_a0.85,0.137227863073349,0.14036181569099426,0.9565217391304348,0.1559386322463768,0.0,0.0,inf,1.0,0.0,0.0,0.0,0.0,0.0,0.0019564579997677356,12267.066301882895,0.18,0.85,,,,,
static_texture,negative,global,global_t0.18_a0.85,0.0,0.0,0.0,0.0,0.0,0.0,inf,1.0,1.0,1.0,1.0,1.0,0.0,0.0019320840074215084,12421.820121594794,0.18,0.85,,,,,
gradual_transition,negative,global,global_t0.18_a0.85,0.03379954397678375,0.06708288192749023,0.0,0.0,0.0,0.0,inf,1.0,1.0,1.0,1.0,1.0,0.0,0.001911792001919821,12553.666913502728,0.18,0.85,,,,,
scene_cut,confound,global,global_t0.18_a0.85,0.028650714084506035,0.6200639605522156,0.043478260869565216,0.043478260869565216,0.023020830005407333,0.012719012796878815,18.955465957242488,0.9843189120292664,0.0,0.0,0.0,0.0,0.041666666666666664,0.001894415996503085,12668.811942203698,0.18,0.85,,,,,
global_brightness_change,confound,global,global_t0.18_a0.85,0.04362306371331215,0.08227011561393738,0.0,0.0,0.0,0.0,inf,1.0,1.0,1.0,1.0,1.0,0.0,0.0019406250212341547,12367.1496231338,0.18,0.85,,,,,
moving_bright_object,confound,global,global_t0.18_a0.85,0.00853796023875475,0.008926048874855042,0.0,0.009963768115942028,0.0,0.0,inf,1.0,1.0,1.0,1.0,1.0,0.0,0.0018979590095113963,12645.162450678254,0.18,0.85,,,,,
rapid_local_alternation,target,global,global_t0.18_a0.85,0.046350106596946716,0.09691385924816132,0.0,0.052309782608695655,0.0,0.0,inf,1.0,0.0,0.0,0.0,0.0,0.0,0.0019352500094100833,12401.498454101986,0.18,0.85,,,,,
localized_red_alternation,target,global,global_t0.18_a0.85,0.05276299640536308,0.05276300013065338,0.0,0.25,0.0,0.0,inf,1.0,0.0,0.0,0.0,0.0,0.0,0.0019094999879598618,12568.735350264107,0.18,0.85,,,,,
persistent_regular_pattern,target,global,global_t0.18_a0.85,0.0,0.0,0.0,0.0,0.0,0.0,inf,1.0,0.0,0.0,0.0,0.0,0.0,0.0016941670037340373,14166.253944919645,0.18,0.85,,,,,
whole_frame_alternation,target,localized,localized_t0.06_a0.35_b4,0.350953608751297,0.35735419392585754,1.0,1.0,0.17588017880916595,0.03246635943651199,14.885664075635983,0.906470775604248,1.0,1.0,1.0,1.0,0.9583333333333334,0.005285291001200676,4540.904180024874,0.06,0.35,4.0,,,,
small_flashing_square,target,localized,localized_t0.06_a0.35_b4,0.006228800863027573,0.0063066245056688786,0.0,0.010416666666666666,0.0014752232236787677,0.00022718786203768104,36.43614875385636,0.9868736267089844,1.0,0.8125,0.896551724137931,0.8125,0.009982638888888888,0.004288999974960461,5595.70998836885,0.06,0.35,4.0,,,,
medium_flashing_region,target,localized,localized_t0.06_a0.35_b4,0.09413101524114609,0.095522440969944,0.0,0.25,0.04111754894256592,0.007196891121566296,21.42855067502952,0.8996384739875793,1.0,0.9921875,0.996078431372549,0.9921875,0.23958333333333334,0.0045107089972589165,5320.671321201258,0.06,0.35,4.0,,,,
multiple_regions,target,localized,localized_t0.06_a0.35_b4,0.06892920285463333,0.0710638239979744,0.0,0.1559386322463768,0.03043079748749733,0.006327156443148851,21.98791427188344,0.8583009243011475,0.8826439578264396,0.9656610470275067,0.9222881355932203,0.8557835967602422,0.1494411892361111,0.004363542015198618,5500.118920914659,0.06,0.35,4.0,,,,
static_texture,negative,localized,localized_t0.06_a0.35_b4,0.0,0.0,0.0,0.0,0.0,0.0,inf,1.0,1.0,1.0,1.0,1.0,0.0,0.004284082999220118,5602.132359333142,0.06,0.35,4.0,,,,
gradual_transition,negative,localized,localized_t0.06_a0.35_b4,0.03240255266427994,0.06022024154663086,0.0,0.0,0.0011920308461412787,1.742947097227443e-05,47.58715794605942,0.9999887347221375,0.0,0.0,0.0,0.0,0.08333333333333333,0.004350625007646158,5516.448776398875,0.06,0.35,4.0,,,,
scene_cut,confound,localized,localized_t0.06_a0.35_b4,0.028650714084506035,0.31233829259872437,0.13043478260869565,0.13043478260869565,0.012796874158084393,0.002420683391392231,26.160620095516578,0.997856616973877,0.0,0.0,0.0,0.0,0.08333333333333333,0.004310582997277379,5567.692355108048,0.06,0.35,4.0,,,,
global_brightness_change,confound,localized,localized_t0.06_a0.35_b4,0.04362306371331215,0.08238153904676437,0.0,0.0,0.009015616960823536,0.0002930753689724952,35.33020679578716,0.9994842410087585,0.0,0.0,0.0,0.0,0.2916666666666667,0.0045367499988060445,5290.130601491416,0.06,0.35,4.0,,,,
moving_bright_object,confound,localized,localized_t0.06_a0.35_b4,0.007424959447234869,0.007994447834789753,0.0,0.014719202898550724,0.002384014194831252,0.0004024689260404557,33.95267645159766,0.9880123734474182,0.0,0.0,0.0,0.0,0.021999782986111112,0.004279000015230849,5608.787079825522,0.06,0.35,4.0,,,,
rapid_local_alternation,target,localized,localized_t0.06_a0.35_b4,0.03653998300433159,0.0696457028388977,0.0,0.08084239130434782,0.017687920480966568,0.003980342298746109,24.000795781614123,0.9345762133598328,0.8862433862433863,0.9536749482401656,0.918723510346547,0.8496656675121051,0.10026041666666667,0.004405790998134762,5447.375967257787,0.06,0.35,4.0,,,,
localized_red_alternation,target,localized,localized_t0.06_a0.35_b4,0.025369610637426376,0.02579098753631115,0.0,0.026353034420289856,0.01997138187289238,0.004705885425209999,23.27358650854176,0.9211375713348389,1.0,0.9921875,0.996078431372549,0.9921875,0.23958333333333334,0.004509833990596235,5321.703648081959,0.06,0.35,4.0,,,,
persistent_regular_pattern,target,localized,localized_t0.06_a0.35_b4,0.0,0.0,0.0,0.0,0.0,0.0,inf,1.0,0.0,0.0,0.0,0.0,0.0,0.004086208995431662,5873.414704639862,0.06,0.35,4.0,,,,
whole_frame_alternation,target,localized,localized_t0.06_a0.35_b8,0.350953608751297,0.35735419392585754,1.0,1.0,0.17588017880916595,0.03246635943651199,14.885664075635983,0.906470775604248,1.0,1.0,1.0,1.0,0.9583333333333334,0.004145041981246322,5790.0499219512685,0.06,0.35,8.0,,,,
small_flashing_square,target,localized,localized_t0.06_a0.35_b8,0.004696973133832216,0.004777707625180483,0.0,0.010416666666666666,0.0020822121296077967,0.0004368071095086634,33.59710301632865,0.9843693375587463,0.26229508196721313,1.0,0.41558441558441556,0.26229508196721313,0.009982638888888888,0.004056583013152704,5916.309347592429,0.06,0.35,8.0,,,,
medium_flashing_region,target,localized,localized_t0.06_a0.35_b8,0.09413101524114609,0.095522440969944,0.0,0.25,0.04111754894256592,0.007196891121566296,21.42855067502952,0.8996384739875793,1.0,0.9921875,0.996078431372549,0.9921875,0.23958333333333334,0.00432833397644572,5544.858629349111,0.06,0.35,8.0,,,,
multiple_regions,target,localized,localized_t0.06_a0.35_b8,0.06482498347759247,0.06695207953453064,0.0,0.1559386322463768,0.032331861555576324,0.007058307062834501,21.512994521259724,0.8581811785697937,0.6401161946259986,0.977639751552795,0.7736680417800404,0.6308797847061182,0.1494411892361111,0.004171417007455602,5753.440607137727,0.06,0.35,8.0,,,,
static_texture,negative,localized,localized_t0.06_a0.35_b8,0.0,0.0,0.0,0.0,0.0,0.0,inf,1.0,1.0,1.0,1.0,1.0,0.0,0.004245415999321267,5653.156252258196,0.06,0.35,8.0,,,,
gradual_transition,negative,localized,localized_t0.06_a0.35_b8,0.03240255266427994,0.06022024154663086,0.0,0.0,0.0011920308461412787,1.742947097227443e-05,47.58715794605942,0.9999887347221375,0.0,0.0,0.0,0.0,0.08333333333333333,0.004093458002898842,5863.013614162903,0.06,0.35,8.0,,,,
scene_cut,confound,localized,localized_t0.06_a0.35_b8,0.028650714084506035,0.31233829259872437,0.13043478260869565,0.13043478260869565,0.012796874158084393,0.002420683391392231,26.160620095516578,0.997856616973877,0.0,0.0,0.0,0.0,0.08333333333333333,0.0040774589870125055,5886.018737759137,0.06,0.35,8.0,,,,
global_brightness_change,confound,localized,localized_t0.06_a0.35_b8,0.04362306371331215,0.08238153904676437,0.0,0.0,0.009015616960823536,0.0002930753689724952,35.33020679578716,0.9994842410087585,0.0,0.0,0.0,0.0,0.2916666666666667,0.004107500019017607,5842.970149453607,0.06,0.35,8.0,,,,
moving_bright_object,confound,localized,localized_t0.06_a0.35_b8,0.007036667317152023,0.008414199575781822,0.0,0.014889039855072464,0.0029251764062792063,0.0005746239330619574,32.40616289620985,0.9854331612586975,0.0,0.0,0.0,0.0,0.021918402777777776,0.004096582997590303,5858.541133944389,0.06,0.35,8.0,,,,
rapid_local_alternation,target,localized,localized_t0.06_a0.35_b8,0.036100272089242935,0.06852107495069504,0.0,0.08084239130434782,0.0181804820895195,0.004164276644587517,23.804604268015286,0.9323155283927917,0.6640316205533597,0.9565217391304348,0.7838812301166491,0.6445762120683641,0.10026041666666667,0.004087833018274978,5871.081302173087,0.06,0.35,8.0,,,,
localized_red_alternation,target,localized,localized_t0.06_a0.35_b8,0.025369610637426376,0.02579098753631115,0.0,0.026353034420289856,0.01997138187289238,0.004705885425209999,23.27358650854176,0.9211375713348389,1.0,0.9921875,0.996078431372549,0.9921875,0.23958333333333334,0.004081708000740036,5879.891456137643,0.06,0.35,8.0,,,,
persistent_regular_pattern,target,localized,localized_t0.06_a0.35_b8,0.0,0.0,0.0,0.0,0.0,0.0,inf,1.0,0.0,0.0,0.0,0.0,0.0,0.003938666981412098,6093.432146780655,0.06,0.35,8.0,,,,
whole_frame_alternation,target,localized,localized_t0.06_a0.65_b4,0.14688387513160706,0.1573430746793747,0.9130434782608695,0.9130434782608695,0.2687942087650299,0.07768828421831131,11.096444700404591,0.8378171920776367,1.0,1.0,1.0,1.0,0.9583333333333334,0.004526125005213544,5302.549083897357,0.06,0.65,4.0,,,,
small_flashing_square,target,localized,localized_t0.06_a0.65_b4,0.003990908153355122,0.004085495602339506,0.0,0.010388360507246376,0.002368371468037367,0.0005857776268385351,32.32267219759441,0.9836949706077576,1.0,0.8125,0.896551724137931,0.8125,0.009982638888888888,0.004268249991582707,5622.913383079649,0.06,0.65,4.0,,,,
medium_flashing_region,target,localized,localized_t0.06_a0.65_b4,0.04495001211762428,0.04731070250272751,0.0,0.23451653079710144,0.06343571841716766,0.01743210293352604,17.586502183210953,0.8658944964408875,1.0,0.9921875,0.996078431372549,0.9921875,0.23958333333333334,0.004250041994964704,5647.003024542894,0.06,0.65,4.0,,,,
multiple_regions,target,localized,localized_t0.06_a0.65_b4,0.03379221633076668,0.036029234528541565,0.0,0.15106997282608695,0.047098733484745026,0.015331470407545567,18.144161909212716,0.8336036801338196,0.8826439578264396,0.9656610470275067,0.9222881355932203,0.8557835967602422,0.1494411892361111,0.004294499987736344,5588.54350181301,0.06,0.65,4.0,,,,
static_texture,negative,localized,localized_t0.06_a0.65_b4,0.0,0.0,0.0,0.0,0.0,0.0,inf,1.0,1.0,1.0,1.0,1.0,0.0,0.004557292006211355,5266.285321916882,0.06,0.65,4.0,,,,
gradual_transition,negative,localized,localized_t0.06_a0.65_b4,0.030677318572998047,0.06022024154663086,0.0,0.0,0.002496374072507024,7.928177365101874e-05,41.00826642601565,0.9999480843544006,0.0,0.0,0.0,0.0,0.08333333333333333,0.004289666016120464,5594.841162414175,0.06,0.65,4.0,,,,
scene_cut,confound,localized,localized_t0.06_a0.65_b4,0.028650714084506035,0.4015139639377594,0.08695652173913043,0.08695652173913043,0.029046881943941116,0.010580215603113174,19.755054821790672,0.9888022541999817,0.0,0.0,0.0,0.0,0.08333333333333333,0.004270250006811693,5620.279834135326,0.06,0.65,4.0,,,,
global_brightness_change,confound,localized,localized_t0.06_a0.65_b4,0.04362306371331215,0.1482909917831421,0.08695652173913043,0.08695652173913043,0.02150566130876541,0.00176520727109164,27.532042923122724,0.9970600008964539,0.0,0.0,0.0,0.0,0.2916666666666667,0.004342208005255088,5527.14194505523,0.06,0.65,4.0,,,,
moving_bright_object,confound,localized,localized_t0.06_a0.65_b4,0.005197297781705856,0.006035936065018177,0.0,0.016247735507246376,0.0048701879568398,0.0013754519168287516,28.615545871143144,0.9774678349494934,0.0,0.0,0.0,0.0,0.023586697048611112,0.0045732909929938614,5247.861996266419,0.06,0.65,4.0,,,,
rapid_local_alternation,target,localized,localized_t0.06_a0.65_b4,0.01982017047703266,0.03257995471358299,0.0,0.078125,0.032583124935626984,0.011542507447302341,19.376998365670513,0.888329029083252,0.8862433862433863,0.9536749482401656,0.918723510346547,0.8496656675121051,0.10026041666666667,0.004331917007220909,5540.27234593696,0.06,0.65,4.0,,,,
localized_red_alternation,target,localized,localized_t0.06_a0.65_b4,0.01180562749505043,0.012637405656278133,0.0,0.000594429347826087,0.03081163577735424,0.01139846257865429,19.43153722227908,0.881884753704071,1.0,0.9921875,0.996078431372549,0.9921875,0.23958333333333334,0.004290249984478578,5594.079619329426,0.06,0.65,4.0,,,,
persistent_regular_pattern,target,localized,localized_t0.06_a0.65_b4,0.0,0.0,0.0,0.0,0.0,0.0,inf,1.0,0.0,0.0,0.0,0.0,0.0,0.004053750017192215,5920.444008193514,0.06,0.65,4.0,,,,
whole_frame_alternation,target,localized,localized_t0.06_a0.65_b8,0.14688387513160706,0.1573430746793747,0.9130434782608695,0.9130434782608695,0.2687942087650299,0.07768828421831131,11.096444700404591,0.8378171920776367,1.0,1.0,1.0,1.0,0.9583333333333334,0.004376833006972447,5483.41688197086,0.06,0.65,8.0,,,,
small_flashing_square,target,localized,localized_t0.06_a0.65_b8,0.0019824469927698374,0.002117183757945895,0.0,0.009963768115942028,0.003185318550094962,0.0010466036619618535,29.802177500406074,0.9811768531799316,0.26229508196721313,1.0,0.41558441558441556,0.26229508196721313,0.009982638888888888,0.004183042008662596,5737.451345288614,0.06,0.65,8.0,,,,
medium_flashing_region,target,localized,localized_t0.06_a0.65_b8,0.04495001211762428,0.04731070250272751,0.0,0.23451653079710144,0.06343571841716766,0.01743210293352604,17.586502183210953,0.8658944964408875,1.0,0.9921875,0.996078431372549,0.9921875,0.23958333333333334,0.004031707998365164,5952.812061223648,0.06,0.65,8.0,,,,
multiple_regions,target,localized,localized_t0.06_a0.65_b8,0.028542086482048035,0.030803892761468887,0.0,0.14962635869565216,0.04961710423231125,0.01690310798585415,17.720334340250187,0.838430643081665,0.6401161946259986,0.977639751552795,0.7736680417800404,0.6308797847061182,0.1494411892361111,0.004142707999562845,5793.312008119467,0.06,0.65,8.0,,,,
static_texture,negative,localized,localized_t0.06_a0.65_b8,0.0,0.0,0.0,0.0,0.0,0.0,inf,1.0,1.0,1.0,1.0,1.0,0.0,0.004337042017141357,5533.72549888713,0.06,0.65,8.0,,,,
gradual_transition,negative,localized,localized_t0.06_a0.65_b8,0.030677318572998047,0.06022024154663086,0.0,0.0,0.002496374072507024,7.928177365101874e-05,41.00826642601565,0.9999480843544006,0.0,0.0,0.0,0.0,0.08333333333333333,0.004129707987885922,5811.548920747316,0.06,0.65,8.0,,,,
scene_cut,confound,localized,localized_t0.06_a0.65_b8,0.028650714084506035,0.4015139639377594,0.08695652173913043,0.08695652173913043,0.029046881943941116,0.010580215603113174,19.755054821790672,0.9888022541999817,0.0,0.0,0.0,0.0,0.08333333333333333,0.004086291010025889,5873.29682127753,0.06,0.65,8.0,,,,
global_brightness_change,confound,localized,localized_t0.06_a0.65_b8,0.04362306371331215,0.1482909917831421,0.08695652173913043,0.08695652173913043,0.02150566130876541,0.00176520727109164,27.532042923122724,0.9970600008964539,0.0,0.0,0.0,0.0,0.2916666666666667,0.004104874999029562,5846.706661146532,0.06,0.65,8.0,,,,
moving_bright_object,confound,localized,localized_t0.06_a0.65_b8,0.004182903561741114,0.00548213254660368,0.0,0.016233582427536232,0.005918648559600115,0.001963693415746093,27.069263160618554,0.9719708561897278,0.0,0.0,0.0,0.0,0.023817274305555556,0.004333290999056771,5538.515646704568,0.06,0.65,8.0,,,,
rapid_local_alternation,target,localized,localized_t0.06_a0.65_b8,0.018846582621335983,0.03066401183605194,0.0,0.07727581521739131,0.03334631770849228,0.01201230101287365,19.20373793473385,0.8856800198554993,0.6640316205533597,0.9565217391304348,0.7838812301166491,0.6445762120683641,0.10026041666666667,0.0040999160264618695,5853.77842987468,0.06,0.65,8.0,,,,
localized_red_alternation,target,localized,localized_t0.06_a0.65_b8,0.01180562749505043,0.012637405656278133,0.0,0.000594429347826087,0.03081163577735424,0.01139846257865429,19.43153722227908,0.881884753704071,1.0,0.9921875,0.996078431372549,0.9921875,0.23958333333333334,0.004088832996785641,5869.6454511268,0.06,0.65,8.0,,,,
persistent_regular_pattern,target,localized,localized_t0.06_a0.65_b8,0.0,0.0,0.0,0.0,0.0,0.0,inf,1.0,0.0,0.0,0.0,0.0,0.0,0.0038731659878976643,6196.481141007614,0.06,0.65,8.0,,,,
whole_frame_alternation,target,localized,localized_t0.06_a0.85_b4,0.048872604966163635,0.0600469708442688,0.0,0.0,0.31452447175979614,0.11440051347017288,9.415720262705973,0.8029422163963318,1.0,1.0,1.0,1.0,0.9583333333333334,0.004525500000454485,5303.281404836976,0.06,0.85,4.0,,,,
small_flashing_square,target,localized,localized_t0.06_a0.85_b4,0.002825901610776782,0.0029328668024390936,0.0,0.00973731884057971,0.0028418777510523796,0.0008526556775905192,30.69226311753594,0.9823005795478821,1.0,0.8125,0.896551724137931,0.8125,0.009982638888888888,0.004274292004993185,5614.964998171262,0.06,0.85,4.0,,,,
medium_flashing_region,target,localized,localized_t0.06_a0.85_b4,0.02091691829264164,0.023503437638282776,0.0,0.04803555253623189,0.07458328455686569,0.02551923878490925,15.931322843569891,0.8432738184928894,1.0,0.9921875,0.996078431372549,0.9921875,0.23958333333333334,0.0042819590016733855,5604.91120784221,0.06,0.85,4.0,,,,
multiple_regions,target,localized,localized_t0.06_a0.85_b4,0.0166398286819458,0.018790224567055702,0.0,0.038637907608695655,0.05544593557715416,0.022159412503242493,16.54441757931972,0.8184003233909607,0.8826439578264396,0.9656610470275067,0.9222881355932203,0.8557835967602422,0.1494411892361111,0.004302124987589195,5578.63847964329,0.06,0.85,4.0,,,,
static_texture,negative,localized,localized_t0.06_a0.85_b4,0.0,0.0,0.0,0.0,0.0,0.0,inf,1.0,1.0,1.0,1.0,1.0,0.0,0.004446958017069846,5396.947735480058,0.06,0.85,4.0,,,,
gradual_transition,negative,localized,localized_t0.06_a0.85_b4,0.02928094193339348,0.06022024154663086,0.0,0.0,0.0035108625888824463,0.00016107087139971554,37.92982991760607,0.9998930096626282,0.0,0.0,0.0,0.0,0.08333333333333333,0.004276082996511832,5612.613230280548,0.06,0.85,4.0,,,,
scene_cut,confound,localized,localized_t0.06_a0.85_b4,0.028650715947151184,0.5725440979003906,0.043478260869565216,0.043478260869565216,0.04258854314684868,0.02190849930047989,16.593873699446288,0.9737232327461243,0.0,0.0,0.0,0.0,0.08333333333333333,0.004219875001581386,5687.372254155886,0.06,0.85,4.0,,,,
global_brightness_change,confound,localized,localized_t0.06_a0.85_b4,0.04362306371331215,0.23802059888839722,0.08695652173913043,0.08695652173913043,0.03335009515285492,0.0044815680012106895,23.485700094101976,0.9931009411811829,0.0,0.0,0.0,0.0,0.2916666666666667,0.00427895798929967,5608.842166718267,0.06,0.85,4.0,,,,
moving_bright_object,confound,localized,localized_t0.06_a0.85_b4,0.0034738152753561735,0.004547097720205784,0.0,0.010062839673913044,0.006396505516022444,0.00233579077757895,26.315660606231187,0.9703658223152161,0.0,0.0,0.0,0.0,0.0240478515625,0.00450999999884516,5321.507761894787,0.06,0.85,4.0,,,,
rapid_local_alternation,target,localized,localized_t0.06_a0.85_b4,0.008969093672931194,0.013881963677704334,0.0,0.015950520833333332,0.04031747207045555,0.017815692350268364,17.49197295510077,0.866165816783905,0.8862433862433863,0.9536749482401656,0.918723510346547,0.8496656675121051,0.10026041666666667,0.004271208017598838,5619.019233226711,0.06,0.85,4.0,,,,
localized_red_alternation,target,localized,localized_t0.06_a0.85_b4,0.0052913096733391285,0.006270408630371094,0.0,0.0,0.03622616454958916,0.016686460003256798,17.77635788193022,0.8614256978034973,1.0,0.9921875,0.996078431372549,0.9921875,0.23958333333333334,0.0040460410236846656,5931.724334852042,0.06,0.85,4.0,,,,
persistent_regular_pattern,target,localized,localized_t0.06_a0.85_b4,0.0,0.0,0.0,0.0,0.0,0.0,inf,1.0,0.0,0.0,0.0,0.0,0.0,0.004039749997900799,5940.961696261223,0.06,0.85,4.0,,,,
whole_frame_alternation,target,localized,localized_t0.06_a0.85_b8,0.048872604966163635,0.0600469708442688,0.0,0.0,0.31452447175979614,0.11440051347017288,9.415720262705973,0.8029422163963318,1.0,1.0,1.0,1.0,0.9583333333333334,0.0043594579910859466,5505.271538130264,0.06,0.85,8.0,,,,
small_flashing_square,target,localized,localized_t0.06_a0.85_b8,0.0006784047582186759,0.0008305246010422707,0.0,0.0,0.0037287739105522633,0.0015362040139734745,28.135511044481962,0.9786868095397949,0.26229508196721313,1.0,0.41558441558441556,0.26229508196721313,0.009982638888888888,0.004144499980611727,5790.807120828508,0.06,0.85,8.0,,,,
medium_flashing_region,target,localized,localized_t0.06_a0.85_b8,0.02091691829264164,0.023503437638282776,0.0,0.04803555253623189,0.07458328455686569,0.02551923878490925,15.931322843569891,0.8432738184928894,1.0,0.9921875,0.996078431372549,0.9921875,0.23958333333333334,0.004134666989557445,5804.578714710189,0.06,0.85,8.0,,,,
multiple_regions,target,localized,localized_t0.06_a0.85_b8,0.011096934787929058,0.01319137029349804,0.0,0.011138473731884058,0.05815059319138527,0.024491548538208008,16.109837546736774,0.8226525187492371,0.6401161946259986,0.977639751552795,0.7736680417800404,0.6308797847061182,0.1494411892361111,0.0041975839994847775,5717.574681756416,0.06,0.85,8.0,,,,
static_texture,negative,localized,localized_t0.06_a0.85_b8,0.0,0.0,0.0,0.0,0.0,0.0,inf,1.0,1.0,1.0,1.0,1.0,0.0,0.004356499994173646,5509.009533363352,0.06,0.85,8.0,,,,
gradual_transition,negative,localized,localized_t0.06_a0.85_b8,0.02928094193339348,0.06022024154663086,0.0,0.0,0.0035108625888824463,0.00016107087139971554,37.92982991760607,0.9998930096626282,0.0,0.0,0.0,0.0,0.08333333333333333,0.004056750010931864,5916.065800289979,0.06,0.85,8.0,,,,
scene_cut,confound,localized,localized_t0.06_a0.85_b8,0.028650715947151184,0.5725440979003906,0.043478260869565216,0.043478260869565216,0.04258854314684868,0.02190849930047989,16.593873699446288,0.9737232327461243,0.0,0.0,0.0,0.0,0.08333333333333333,0.004054083983646706,5919.95629513616,0.06,0.85,8.0,,,,
global_brightness_change,confound,localized,localized_t0.06_a0.85_b8,0.04362306371331215,0.23802059888839722,0.08695652173913043,0.08695652173913043,0.03335009515285492,0.0044815680012106895,23.485700094101976,0.9931009411811829,0.0,0.0,0.0,0.0,0.2916666666666667,0.004121625010157004,5822.946032415932,0.06,0.85,8.0,,,,
moving_bright_object,confound,localized,localized_t0.06_a0.85_b8,0.002226094948127866,0.005520910490304232,0.0,0.004373301630434783,0.007529016584157944,0.0033750550355762243,24.71719140921198,0.9623149037361145,0.0,0.0,0.0,0.0,0.024088541666666668,0.004337999998824671,5532.503459313627,0.06,0.85,8.0,,,,
rapid_local_alternation,target,localized,localized_t0.06_a0.85_b8,0.007814524695277214,0.011985060758888721,0.0,0.010699728260869566,0.041113607585430145,0.018578533083200455,17.309885798483894,0.8649490475654602,0.6640316205533597,0.9565217391304348,0.7838812301166491,0.6445762120683641,0.10026041666666667,0.004153542016865686,5778.200847023259,0.06,0.85,8.0,,,,
localized_red_alternation,target,localized,localized_t0.06_a0.85_b8,0.0052913096733391285,0.006270408630371094,0.0,0.0,0.03622616454958916,0.016686460003256798,17.77635788193022,0.8614256978034973,1.0,0.9921875,0.996078431372549,0.9921875,0.23958333333333334,0.004093875002581626,5862.416411069081,0.06,0.85,8.0,,,,
persistent_regular_pattern,target,localized,localized_t0.06_a0.85_b8,0.0,0.0,0.0,0.0,0.0,0.0,inf,1.0,0.0,0.0,0.0,0.0,0.0,0.0039290419954340905,6108.359245813665,0.06,0.85,8.0,,,,
whole_frame_alternation,target,localized,localized_t0.12_a0.35_b4,0.350953608751297,0.35735419392585754,1.0,1.0,0.17588017880916595,0.03246635943651199,14.885664075635983,0.906470775604248,1.0,1.0,1.0,1.0,0.9583333333333334,0.00450549999368377,5326.8227796349875,0.12,0.35,4.0,,,,
small_flashing_square,target,localized,localized_t0.12_a0.35_b4,0.006228800863027573,0.0063066245056688786,0.0,0.010416666666666666,0.0014752232236787677,0.00022718786203768104,36.43614875385636,0.9868736267089844,1.0,0.8125,0.896551724137931,0.8125,0.009982638888888888,0.004315208992920816,5561.723670712697,0.12,0.35,4.0,,,,
medium_flashing_region,target,localized,localized_t0.12_a0.35_b4,0.09413101524114609,0.095522440969944,0.0,0.25,0.04111754894256592,0.007196891121566296,21.42855067502952,0.8996384739875793,1.0,0.9921875,0.996078431372549,0.9921875,0.23958333333333334,0.004288208991056308,5596.742148075231,0.12,0.35,4.0,,,,
multiple_regions,target,localized,localized_t0.12_a0.35_b4,0.06913287192583084,0.0710638239979744,0.0,0.1559386322463768,0.03038373775780201,0.00630930857732892,22.000182314854484,0.8579927086830139,0.8852859703438162,0.9641526175687667,0.9230377166156983,0.8570752484619025,0.1494411892361111,0.004330333002144471,5542.298938237475,0.12,0.35,4.0,,,,
static_texture,negative,localized,localized_t0.12_a0.35_b4,0.0,0.0,0.0,0.0,0.0,0.0,inf,1.0,1.0,1.0,1.0,1.0,0.0,0.00450999999884516,5321.507761894787,0.12,0.35,4.0,,,,
gradual_transition,negative,localized,localized_t0.12_a0.35_b4,0.03379954397678375,0.06708288192749023,0.0,0.0,0.0,0.0,inf,1.0,1.0,1.0,1.0,1.0,0.0,0.004328417009674013,5544.752260782637,0.12,0.35,4.0,,,,
scene_cut,confound,localized,localized_t0.12_a0.35_b4,0.028650714084506035,0.31233829259872437,0.13043478260869565,0.13043478260869565,0.012796874158084393,0.002420683391392231,26.160620095516578,0.997856616973877,0.0,0.0,0.0,0.0,0.08333333333333333,0.004122790996916592,5821.299216465118,0.12,0.35,4.0,,,,
global_brightness_change,confound,localized,localized_t0.12_a0.35_b4,0.04362306371331215,0.08227011561393738,0.0,0.0,0.0,0.0,inf,1.0,1.0,1.0,1.0,1.0,0.0,0.004357833997346461,5507.323136818405,0.12,0.35,4.0,,,,
moving_bright_object,confound,localized,localized_t0.12_a0.35_b4,0.0075198994018137455,0.008129141293466091,0.0,0.01456351902173913,0.002242998918518424,0.00037019458250142634,34.31569941085415,0.9884687066078186,0.0,0.0,0.0,0.0,0.021063910590277776,0.004491332976613194,5343.625183207375,0.12,0.35,4.0,,,,
rapid_local_alternation,target,localized,localized_t0.12_a0.35_b4,0.03653998300433159,0.0696457028388977,0.0,0.08084239130434782,0.017687920480966568,0.003980342298746109,24.000795781614123,0.9345762133598328,0.8862433862433863,0.9536749482401656,0.918723510346547,0.8496656675121051,0.10026041666666667,0.0043420830043032765,5527.301061774843,0.12,0.35,4.0,,,,
localized_red_alternation,target,localized,localized_t0.12_a0.35_b4,0.028032291680574417,0.05276300013065338,0.0,0.04766757246376811,0.019112251698970795,0.0045066820457577705,23.46143081077875,0.9230442047119141,1.0,0.9490489130434783,0.9738584872777971,0.9490489130434783,0.22916666666666666,0.0042758329946082085,5612.941391832611,0.12,0.35,4.0,,,,
persistent_regular_pattern,target,localized,localized_t0.12_a0.35_b4,0.0,0.0,0.0,0.0,0.0,0.0,inf,1.0,0.0,0.0,0.0,0.0,0.0,0.004052875010529533,5921.722218831577,0.12,0.35,4.0,,,,
whole_frame_alternation,target,localized,localized_t0.12_a0.35_b8,0.350953608751297,0.35735419392585754,1.0,1.0,0.17588017880916595,0.03246635943651199,14.885664075635983,0.906470775604248,1.0,1.0,1.0,1.0,0.9583333333333334,0.004325708985561505,5548.223442702224,0.12,0.35,8.0,,,,
small_flashing_square,target,localized,localized_t0.12_a0.35_b8,0.004696973133832216,0.004777707625180483,0.0,0.010416666666666666,0.0020822121296077967,0.0004368071095086634,33.59710301632865,0.9843693375587463,0.26229508196721313,1.0,0.41558441558441556,0.26229508196721313,0.009982638888888888,0.004053583979839459,5920.686513308777,0.12,0.35,8.0,,,,
medium_flashing_region,target,localized,localized_t0.12_a0.35_b8,0.09413101524114609,0.095522440969944,0.0,0.25,0.04111754894256592,0.007196891121566296,21.42855067502952,0.8996384739875793,1.0,0.9921875,0.996078431372549,0.9921875,0.23958333333333334,0.0040724159916862845,5893.307571965949,0.12,0.35,8.0,,,,
multiple_regions,target,localized,localized_t0.12_a0.35_b8,0.06502101570367813,0.06695207953453064,0.0,0.1559386322463768,0.032286521047353745,0.007040173280984163,21.524166513622767,0.8579705357551575,0.6416348424336064,0.9764862466725821,0.7744137360800802,0.6318720753308644,0.1494411892361111,0.00410045898752287,5853.003303539599,0.12,0.35,8.0,,,,
static_texture,negative,localized,localized_t0.12_a0.35_b8,0.0,0.0,0.0,0.0,0.0,0.0,inf,1.0,1.0,1.0,1.0,1.0,0.0,0.004402540973387659,5451.397305572951,0.12,0.35,8.0,,,,
gradual_transition,negative,localized,localized_t0.12_a0.35_b8,0.03379954397678375,0.06708288192749023,0.0,0.0,0.0,0.0,inf,1.0,1.0,1.0,1.0,1.0,0.0,0.004112958995392546,5835.214994091963,0.12,0.35,8.0,,,,
scene_cut,confound,localized,localized_t0.12_a0.35_b8,0.028650714084506035,0.31233829259872437,0.13043478260869565,0.13043478260869565,0.012796874158084393,0.002420683391392231,26.160620095516578,0.997856616973877,0.0,0.0,0.0,0.0,0.08333333333333333,0.004102209000848234,5850.506396684665,0.12,0.35,8.0,,,,
global_brightness_change,confound,localized,localized_t0.12_a0.35_b8,0.04362306371331215,0.08227011561393738,0.0,0.0,0.0,0.0,inf,1.0,1.0,1.0,1.0,1.0,0.0,0.0041244589956477284,5818.944987773094,0.12,0.35,8.0,,,,
moving_bright_object,confound,localized,localized_t0.12_a0.35_b8,0.007390913087874651,0.009852101095020771,0.0,0.014945652173913044,0.002410178305581212,0.0004660760750994086,33.3154318996376,0.9872034192085266,0.0,0.0,0.0,0.0,0.019476996527777776,0.0043036669958382845,5576.639647818567,0.12,0.35,8.0,,,,
rapid_local_alternation,target,localized,localized_t0.12_a0.35_b8,0.03757088631391525,0.0724259540438652,0.0,0.08058763586956522,0.016219772398471832,0.00355992722325027,24.485588803596773,0.9380837082862854,0.7962962962962963,0.8568840579710145,0.825479930191972,0.7028231797919762,0.09996202256944445,0.004137999989325181,5799.903349906457,0.12,0.35,8.0,,,,
localized_red_alternation,target,localized,localized_t0.12_a0.35_b8,0.028032291680574417,0.05276300013065338,0.0,0.04766757246376811,0.019112251698970795,0.0045066820457577705,23.46143081077875,0.9230442047119141,1.0,0.9490489130434783,0.9738584872777971,0.9490489130434783,0.22916666666666666,0.004147459025261924,5786.675613626908,0.12,0.35,8.0,,,,
persistent_regular_pattern,target,localized,localized_t0.12_a0.35_b8,0.0,0.0,0.0,0.0,0.0,0.0,inf,1.0,0.0,0.0,0.0,0.0,0.0,0.0038992920017335564,6154.963513717368,0.12,0.35,8.0,,,,
whole_frame_alternation,target,localized,localized_t0.12_a0.65_b4,0.14688387513160706,0.1573430746793747,0.9130434782608695,0.9130434782608695,0.2687942087650299,0.07768828421831131,11.096444700404591,0.8378171920776367,1.0,1.0,1.0,1.0,0.9583333333333334,0.009963167016394436,2408.872596485424,0.12,0.65,4.0,,,,
small_flashing_square,target,localized,localized_t0.12_a0.65_b4,0.003990908153355122,0.004085495602339506,0.0,0.010388360507246376,0.002368371468037367,0.0005857776268385351,32.32267219759441,0.9836949706077576,1.0,0.8125,0.896551724137931,0.8125,0.009982638888888888,0.004856042010942474,4942.296616445872,0.12,0.65,4.0,,,,
medium_flashing_region,target,localized,localized_t0.12_a0.65_b4,0.04495001211762428,0.04731070250272751,0.0,0.23451653079710144,0.06343571841716766,0.01743210293352604,17.586502183210953,0.8658944964408875,1.0,0.9921875,0.996078431372549,0.9921875,0.23958333333333334,0.004172917018877342,5751.3724551505275,0.12,0.65,4.0,,,,
multiple_regions,target,localized,localized_t0.12_a0.65_b4,0.03407442197203636,0.03602943196892738,0.0,0.15155117753623187,0.04702654480934143,0.015268109738826752,18.16214727240385,0.8336288928985596,0.8852859703438162,0.9641526175687667,0.9230377166156983,0.8570752484619025,0.1494411892361111,0.004498916998272762,5334.617199920371,0.12,0.65,4.0,,,,
static_texture,negative,localized,localized_t0.12_a0.65_b4,0.0,0.0,0.0,0.0,0.0,0.0,inf,1.0,1.0,1.0,1.0,1.0,0.0,0.00459095899714157,5227.66594407463,0.12,0.65,4.0,,,,
gradual_transition,negative,localized,localized_t0.12_a0.65_b4,0.03379954397678375,0.06708288192749023,0.0,0.0,0.0,0.0,inf,1.0,1.0,1.0,1.0,1.0,0.0,0.0043489160016179085,5518.616591139351,0.12,0.65,4.0,,,,
scene_cut,confound,localized,localized_t0.12_a0.65_b4,0.028650714084506035,0.4015139639377594,0.08695652173913043,0.08695652173913043,0.029046881943941116,0.010580215603113174,19.755054821790672,0.9888022541999817,0.0,0.0,0.0,0.0,0.08333333333333333,0.0043015829869546,5579.341389619762,0.12,0.65,4.0,,,,
global_brightness_change,confound,localized,localized_t0.12_a0.65_b4,0.04362306371331215,0.08227011561393738,0.0,0.0,0.0,0.0,inf,1.0,1.0,1.0,1.0,1.0,0.0,0.004332167009124532,5539.952626353168,0.12,0.65,4.0,,,,
moving_bright_object,confound,localized,localized_t0.12_a0.65_b4,0.005479891784489155,0.006453445181250572,0.0,0.017323369565217392,0.004550680983811617,0.0012524508638307452,29.022393033735,0.97886723279953,0.0,0.0,0.0,0.0,0.022705078125,0.004222082992782816,5684.39797157596,0.12,0.65,4.0,,,,
rapid_local_alternation,target,localized,localized_t0.12_a0.65_b4,0.01982017047703266,0.03257995471358299,0.0,0.078125,0.032583124935626984,0.011542507447302341,19.376998365670513,0.888329029083252,0.8862433862433863,0.9536749482401656,0.918723510346547,0.8496656675121051,0.10026041666666667,0.004220499977236614,5686.5300626571925,0.12,0.65,4.0,,,,
localized_red_alternation,target,localized,localized_t0.12_a0.65_b4,0.01579560525715351,0.05276300013065338,0.0,0.022333559782608696,0.029493512585759163,0.010931231081485748,19.613309248034078,0.889967679977417,1.0,0.9490489130434783,0.9738584872777971,0.9490489130434783,0.22916666666666666,0.004206375015201047,5705.6253694139305,0.12,0.65,4.0,,,,
persistent_regular_pattern,target,localized,localized_t0.12_a0.65_b4,0.0,0.0,0.0,0.0,0.0,0.0,inf,1.0,0.0,0.0,0.0,0.0,0.0,0.00414029200328514,5796.6925958258635,0.12,0.65,4.0,,,,
whole_frame_alternation,target,localized,localized_t0.12_a0.65_b8,0.14688387513160706,0.1573430746793747,0.9130434782608695,0.9130434782608695,0.2687942087650299,0.07768828421831131,11.096444700404591,0.8378171920776367,1.0,1.0,1.0,1.0,0.9583333333333334,0.004249333986081183,5647.94390806011,0.12,0.65,8.0,,,,
small_flashing_square,target,localized,localized_t0.12_a0.65_b8,0.0019824469927698374,0.002117183757945895,0.0,0.009963768115942028,0.003185318550094962,0.0010466036619618535,29.802177500406074,0.9811768531799316,0.26229508196721313,1.0,0.41558441558441556,0.26229508196721313,0.009982638888888888,0.004139041993767023,5798.443223369457,0.12,0.65,8.0,,,,
medium_flashing_region,target,localized,localized_t0.12_a0.65_b8,0.04495001211762428,0.04731070250272751,0.0,0.23451653079710144,0.06343571841716766,0.01743210293352604,17.586502183210953,0.8658944964408875,1.0,0.9921875,0.996078431372549,0.9921875,0.23958333333333334,0.004134457994950935,5804.872133012157,0.12,0.65,8.0,,,,
multiple_regions,target,localized,localized_t0.12_a0.65_b8,0.02880905754864216,0.03080405667424202,0.0,0.1500297214673913,0.04954821243882179,0.01683737151324749,17.73725705377378,0.8383800387382507,0.6416348424336064,0.9764862466725821,0.7744137360800802,0.6318720753308644,0.1494411892361111,0.004131166002480313,5809.497847724015,0.12,0.65,8.0,,,,
static_texture,negative,localized,localized_t0.12_a0.65_b8,0.0,0.0,0.0,0.0,0.0,0.0,inf,1.0,1.0,1.0,1.0,1.0,0.0,0.004124125000089407,5819.416239682285,0.12,0.65,8.0,,,,
gradual_transition,negative,localized,localized_t0.12_a0.65_b8,0.03379954397678375,0.06708288192749023,0.0,0.0,0.0,0.0,inf,1.0,1.0,1.0,1.0,1.0,0.0,0.004111584014026448,5837.166386026721,0.12,0.65,8.0,,,,
scene_cut,confound,localized,localized_t0.12_a0.65_b8,0.028650714084506035,0.4015139639377594,0.08695652173913043,0.08695652173913043,0.029046881943941116,0.010580215603113174,19.755054821790672,0.9888022541999817,0.0,0.0,0.0,0.0,0.08333333333333333,0.004144125006860122,5791.331091670922,0.12,0.65,8.0,,,,
global_brightness_change,confound,localized,localized_t0.12_a0.65_b8,0.04362306371331215,0.08227011561393738,0.0,0.0,0.0,0.0,inf,1.0,1.0,1.0,1.0,1.0,0.0,0.0043739170068874955,5487.072562695591,0.12,0.65,8.0,,,,
moving_bright_object,confound,localized,localized_t0.12_a0.65_b8,0.005190285388380289,0.00896422378718853,0.0,0.016587409420289856,0.004827823024243116,0.0015697181224822998,28.04178327744438,0.976508617401123,0.0,0.0,0.0,0.0,0.021050347222222224,0.00411020900355652,5839.119124899259,0.12,0.65,8.0,,,,
rapid_local_alternation,target,localized,localized_t0.12_a0.65_b8,0.022503091022372246,0.03878283500671387,0.0,0.07829483695652174,0.029965652152895927,0.010354683734476566,19.848631613257403,0.8961618542671204,0.7962962962962963,0.8568840579710145,0.825479930191972,0.7028231797919762,0.10026041666666667,0.004127791995415464,5814.246460736302,0.12,0.65,8.0,,,,
localized_red_alternation,target,localized,localized_t0.12_a0.65_b8,0.01579560525715351,0.05276300013065338,0.0,0.022333559782608696,0.029493512585759163,0.010931231081485748,19.613309248034078,0.889967679977417,1.0,0.9490489130434783,0.9738584872777971,0.9490489130434783,0.22916666666666666,0.004115874995477498,5831.080882284102,0.12,0.65,8.0,,,,
persistent_regular_pattern,target,localized,localized_t0.12_a0.65_b8,0.0,0.0,0.0,0.0,0.0,0.0,inf,1.0,0.0,0.0,0.0,0.0,0.0,0.004154166002990678,5777.332918983463,0.12,0.65,8.0,,,,
whole_frame_alternation,target,localized,localized_t0.12_a0.85_b4,0.048872604966163635,0.0600469708442688,0.0,0.0,0.31452447175979614,0.11440051347017288,9.415720262705973,0.8029422163963318,1.0,1.0,1.0,1.0,0.9583333333333334,0.00429112499114126,5592.93892616654,0.12,0.85,4.0,,,,
small_flashing_square,target,localized,localized_t0.12_a0.85_b4,0.002825901610776782,0.0029328668024390936,0.0,0.00973731884057971,0.0028418777510523796,0.0008526556775905192,30.69226311753594,0.9823005795478821,1.0,0.8125,0.896551724137931,0.8125,0.009982638888888888,0.004220625007292256,5686.361607234378,0.12,0.85,4.0,,,,
medium_flashing_region,target,localized,localized_t0.12_a0.85_b4,0.02091691829264164,0.023503437638282776,0.0,0.04803555253623189,0.07458328455686569,0.02551923878490925,15.931322843569891,0.8432738184928894,1.0,0.9921875,0.996078431372549,0.9921875,0.23958333333333334,0.0042628330120351166,5630.0586798126005,0.12,0.85,4.0,,,,
multiple_regions,target,localized,localized_t0.12_a0.85_b4,0.016940856352448463,0.018815405666828156,0.0,0.03951539855072464,0.055360324680805206,0.021996386349201202,16.576486608826563,0.8189384341239929,0.8852859703438162,0.9641526175687667,0.9230377166156983,0.8570752484619025,0.1494411892361111,0.004536583001026884,5290.3253383807705,0.12,0.85,4.0,,,,
static_texture,negative,localized,localized_t0.12_a0.85_b4,0.0,0.0,0.0,0.0,0.0,0.0,inf,1.0,1.0,1.0,1.0,1.0,0.0,0.004265374998794869,5626.703398125819,0.12,0.85,4.0,,,,
gradual_transition,negative,localized,localized_t0.12_a0.85_b4,0.03379954397678375,0.06708288192749023,0.0,0.0,0.0,0.0,inf,1.0,1.0,1.0,1.0,1.0,0.0,0.0043015409901272506,5579.395861874611,0.12,0.85,4.0,,,,
scene_cut,confound,localized,localized_t0.12_a0.85_b4,0.028650715947151184,0.5725440979003906,0.043478260869565216,0.043478260869565216,0.04258854314684868,0.02190849930047989,16.593873699446288,0.9737232327461243,0.0,0.0,0.0,0.0,0.08333333333333333,0.004254415980540216,5641.197313515294,0.12,0.85,4.0,,,,
global_brightness_change,confound,localized,localized_t0.12_a0.85_b4,0.04362306371331215,0.08227011561393738,0.0,0.0,0.0,0.0,inf,1.0,1.0,1.0,1.0,1.0,0.0,0.004542916023638099,5282.950394663052,0.12,0.85,4.0,,,,
moving_bright_object,confound,localized,localized_t0.12_a0.85_b4,0.0038713777903467417,0.005479827988892794,0.0,0.011846127717391304,0.005981946364045143,0.0020983514841645956,26.78121763593446,0.972399890422821,0.0,0.0,0.0,0.0,0.023274739583333332,0.004315583006246015,5561.241659647005,0.12,0.85,4.0,,,,
rapid_local_alternation,target,localized,localized_t0.12_a0.85_b4,0.008969093672931194,0.013881963677704334,0.0,0.015950520833333332,0.04031747207045555,0.017815692350268364,17.49197295510077,0.866165816783905,0.8862433862433863,0.9536749482401656,0.918723510346547,0.8496656675121051,0.10026041666666667,0.004287832998670638,5597.232916356759,0.12,0.85,4.0,,,,
localized_red_alternation,target,localized,localized_t0.12_a0.85_b4,0.009738167747855186,0.05276300013065338,0.0,0.013049139492753624,0.03465643525123596,0.0160240326076746,17.952281799576944,0.8796736598014832,1.0,0.9490489130434783,0.9738584872777971,0.9490489130434783,0.22916666666666666,0.004374874988570809,5485.87103921805,0.12,0.85,4.0,,,,
persistent_regular_pattern,target,localized,localized_t0.12_a0.85_b4,0.0,0.0,0.0,0.0,0.0,0.0,inf,1.0,0.0,0.0,0.0,0.0,0.0,0.004336125013651326,5534.895770864847,0.12,0.85,4.0,,,,
whole_frame_alternation,target,localized,localized_t0.12_a0.85_b8,0.048872604966163635,0.0600469708442688,0.0,0.0,0.31452447175979614,0.11440051347017288,9.415720262705973,0.8029422163963318,1.0,1.0,1.0,1.0,0.9583333333333334,0.004166291997535154,5760.517989185297,0.12,0.85,8.0,,,,
small_flashing_square,target,localized,localized_t0.12_a0.85_b8,0.0006784047582186759,0.0008305246010422707,0.0,0.0,0.0037287739105522633,0.0015362040139734745,28.135511044481962,0.9786868095397949,0.26229508196721313,1.0,0.41558441558441556,0.26229508196721313,0.009982638888888888,0.004139875003602356,5797.2764827721,0.12,0.85,8.0,,,,
medium_flashing_region,target,localized,localized_t0.12_a0.85_b8,0.02091691829264164,0.023503437638282776,0.0,0.04803555253623189,0.07458328455686569,0.02551923878490925,15.931322843569891,0.8432738184928894,1.0,0.9921875,0.996078431372549,0.9921875,0.23958333333333334,0.0042215830180794,5685.07119182954,0.12,0.85,8.0,,,,
multiple_regions,target,localized,localized_t0.12_a0.85_b8,0.011376714333891869,0.013211249373853207,0.0,0.01174705615942029,0.058070532977581024,0.024308644235134125,16.142392623668368,0.8225562572479248,0.6416348424336064,0.9764862466725821,0.7744137360800802,0.6318720753308644,0.1494411892361111,0.004465583013370633,5374.438215153622,0.12,0.85,8.0,,,,
static_texture,negative,localized,localized_t0.12_a0.85_b8,0.0,0.0,0.0,0.0,0.0,0.0,inf,1.0,1.0,1.0,1.0,1.0,0.0,0.004137084004469216,5801.187496814964,0.12,0.85,8.0,,,,
gradual_transition,negative,localized,localized_t0.12_a0.85_b8,0.03379954397678375,0.06708288192749023,0.0,0.0,0.0,0.0,inf,1.0,1.0,1.0,1.0,1.0,0.0,0.004155082977376878,5776.057934503947,0.12,0.85,8.0,,,,
scene_cut,confound,localized,localized_t0.12_a0.85_b8,0.028650715947151184,0.5725440979003906,0.043478260869565216,0.043478260869565216,0.04258854314684868,0.02190849930047989,16.593873699446288,0.9737232327461243,0.0,0.0,0.0,0.0,0.08333333333333333,0.004192042018985376,5725.133453172986,0.12,0.85,8.0,,,,
global_brightness_change,confound,localized,localized_t0.12_a0.85_b8,0.04362306371331215,0.08227011561393738,0.0,0.0,0.0,0.0,inf,1.0,1.0,1.0,1.0,1.0,0.0,0.00440962499123998,5442.639691057093,0.12,0.85,8.0,,,,
moving_bright_object,confound,localized,localized_t0.12_a0.85_b8,0.003575006267055869,0.007852968759834766,0.0,0.008987205615942028,0.006279456429183483,0.002681977115571499,25.71544932160565,0.9687908291816711,0.0,0.0,0.0,0.0,0.021213107638888888,0.004148666019318625,5784.992064495408,0.12,0.85,8.0,,,,
rapid_local_alternation,target,localized,localized_t0.12_a0.85_b8,0.012612673453986645,0.021364467218518257,0.0,0.024923573369565216,0.037223201245069504,0.016025854274630547,17.95178810678446,0.8766477704048157,0.7962962962962963,0.8568840579710145,0.825479930191972,0.7028231797919762,0.10026041666666667,0.004040959000121802,5939.184238017905,0.12,0.85,8.0,,,,
localized_red_alternation,target,localized,localized_t0.12_a0.85_b8,0.009738167747855186,0.05276300013065338,0.0,0.013049139492753624,0.03465643525123596,0.0160240326076746,17.952281799576944,0.8796736598014832,1.0,0.9490489130434783,0.9738584872777971,0.9490489130434783,0.22916666666666666,0.004091707989573479,5865.521210496199,0.12,0.85,8.0,,,,
persistent_regular_pattern,target,localized,localized_t0.12_a0.85_b8,0.0,0.0,0.0,0.0,0.0,0.0,inf,1.0,0.0,0.0,0.0,0.0,0.0,0.004132333997404203,5807.855806204439,0.12,0.85,8.0,,,,
whole_frame_alternation,target,localized,localized_t0.18_a0.35_b4,0.350953608751297,0.35735419392585754,1.0,1.0,0.17588017880916595,0.03246635943651199,14.885664075635983,0.906470775604248,1.0,1.0,1.0,1.0,0.9583333333333334,0.004354333010269329,5511.751155320003,0.18,0.35,4.0,,,,
small_flashing_square,target,localized,localized_t0.18_a0.35_b4,0.006228800863027573,0.0063066245056688786,0.0,0.010416666666666666,0.0014752232236787677,0.00022718786203768104,36.43614875385636,0.9868736267089844,1.0,0.8125,0.896551724137931,0.8125,0.009982638888888888,0.004258959001163021,5635.179862836475,0.18,0.35,4.0,,,,
medium_flashing_region,target,localized,localized_t0.18_a0.35_b4,0.09413101524114609,0.095522440969944,0.0,0.25,0.04111754894256592,0.007196891121566296,21.42855067502952,0.8996384739875793,1.0,0.9921875,0.996078431372549,0.9921875,0.23958333333333334,0.004281707981135696,5605.239802840116,0.18,0.35,4.0,,,,
multiple_regions,target,localized,localized_t0.18_a0.35_b4,0.06913287192583084,0.0710638239979744,0.0,0.1559386322463768,0.03038373775780201,0.00630930857732892,22.000182314854484,0.8579927086830139,0.8852859703438162,0.9641526175687667,0.9230377166156983,0.8570752484619025,0.1494411892361111,0.004537625005468726,5289.1104864494755,0.18,0.35,4.0,,,,
static_texture,negative,localized,localized_t0.18_a0.35_b4,0.0,0.0,0.0,0.0,0.0,0.0,inf,1.0,1.0,1.0,1.0,1.0,0.0,0.004263083974365145,5629.727245420743,0.18,0.35,4.0,,,,
gradual_transition,negative,localized,localized_t0.18_a0.35_b4,0.03379954397678375,0.06708288192749023,0.0,0.0,0.0,0.0,inf,1.0,1.0,1.0,1.0,1.0,0.0,0.004265458002919331,5626.593904704749,0.18,0.35,4.0,,,,
scene_cut,confound,localized,localized_t0.18_a0.35_b4,0.028650714084506035,0.31233829259872437,0.13043478260869565,0.13043478260869565,0.012796874158084393,0.002420683391392231,26.160620095516578,0.997856616973877,0.0,0.0,0.0,0.0,0.08333333333333333,0.004267541982699186,5623.846255595638,0.18,0.35,4.0,,,,
global_brightness_change,confound,localized,localized_t0.18_a0.35_b4,0.04362306371331215,0.08227011561393738,0.0,0.0,0.0,0.0,inf,1.0,1.0,1.0,1.0,1.0,0.0,0.00453412500792183,5293.193275012979,0.18,0.35,4.0,,,,
moving_bright_object,confound,localized,localized_t0.18_a0.35_b4,0.0075198994018137455,0.008129141293466091,0.0,0.01456351902173913,0.002242998918518424,0.00037019458250142634,34.31569941085415,0.9884687066078186,0.0,0.0,0.0,0.0,0.021063910590277776,0.004331667005317286,5540.592102425946,0.18,0.35,4.0,,,,
rapid_local_alternation,target,localized,localized_t0.18_a0.35_b4,0.03653998300433159,0.0696457028388977,0.0,0.08084239130434782,0.017687920480966568,0.003980342298746109,24.000795781614123,0.9345762133598328,0.8862433862433863,0.9536749482401656,0.918723510346547,0.8496656675121051,0.10026041666666667,0.0043120000045746565,5565.862702814956,0.18,0.35,4.0,,,,
localized_red_alternation,target,localized,localized_t0.18_a0.35_b4,0.028032291680574417,0.05276300013065338,0.0,0.04766757246376811,0.019112251698970795,0.0045066820457577705,23.46143081077875,0.9230442047119141,1.0,0.9490489130434783,0.9738584872777971,0.9490489130434783,0.22916666666666666,0.00430608302121982,5573.510747872511,0.18,0.35,4.0,,,,
persistent_regular_pattern,target,localized,localized_t0.18_a0.35_b4,0.0,0.0,0.0,0.0,0.0,0.0,inf,1.0,0.0,0.0,0.0,0.0,0.0,0.00433654198423028,5534.363575234684,0.18,0.35,4.0,,,,
whole_frame_alternation,target,localized,localized_t0.18_a0.35_b8,0.350953608751297,0.35735419392585754,1.0,1.0,0.17588017880916595,0.03246635943651199,14.885664075635983,0.906470775604248,1.0,1.0,1.0,1.0,0.9583333333333334,0.004071750008733943,5894.271492237925,0.18,0.35,8.0,,,,
small_flashing_square,target,localized,localized_t0.18_a0.35_b8,0.005150933749973774,0.010071825236082077,0.0,0.010416666666666666,0.0019926847890019417,0.0004183398268651217,33.78470787668016,0.9844009280204773,0.26229508196721313,0.9565217391304348,0.4116959064327485,0.25920471281296026,0.009548611111111112,0.004080582992173731,5881.512530447315,0.18,0.35,8.0,,,,
medium_flashing_region,target,localized,localized_t0.18_a0.35_b8,0.09413101524114609,0.095522440969944,0.0,0.25,0.04111754894256592,0.007196891121566296,21.42855067502952,0.8996384739875793,1.0,0.9921875,0.996078431372549,0.9921875,0.23958333333333334,0.004070625000167638,5895.900506436143,0.18,0.35,8.0,,,,
multiple_regions,target,localized,localized_t0.18_a0.35_b8,0.06529020518064499,0.06695207953453064,0.0,0.1559386322463768,0.032224949449300766,0.007017118856310844,21.538411673071863,0.8576650619506836,0.6429261155815654,0.9748003549245785,0.7748214758000528,0.6324151627666005,0.1494411892361111,0.004369000002043322,5493.247880241594,0.18,0.35,8.0,,,,
static_texture,negative,localized,localized_t0.18_a0.35_b8,0.0,0.0,0.0,0.0,0.0,0.0,inf,1.0,1.0,1.0,1.0,1.0,0.0,0.004153207992203534,5778.665562874089,0.18,0.35,8.0,,,,
gradual_transition,negative,localized,localized_t0.18_a0.35_b8,0.03379954397678375,0.06708288192749023,0.0,0.0,0.0,0.0,inf,1.0,1.0,1.0,1.0,1.0,0.0,0.0040995419840328395,5854.312528930487,0.18,0.35,8.0,,,,
scene_cut,confound,localized,localized_t0.18_a0.35_b8,0.028650714084506035,0.31233829259872437,0.13043478260869565,0.13043478260869565,0.012796874158084393,0.002420683391392231,26.160620095516578,0.997856616973877,0.0,0.0,0.0,0.0,0.08333333333333333,0.004127332998905331,5814.893057178905,0.18,0.35,8.0,,,,
global_brightness_change,confound,localized,localized_t0.18_a0.35_b8,0.04362306371331215,0.08227011561393738,0.0,0.0,0.0,0.0,inf,1.0,1.0,1.0,1.0,1.0,0.0,0.004344833025243133,5523.802608883221,0.18,0.35,8.0,,,,
moving_bright_object,confound,localized,localized_t0.18_a0.35_b8,0.007868043147027493,0.009944235906004906,0.0,0.014294610507246376,0.0017540308181196451,0.00032802685745991766,34.84090596626353,0.9899303317070007,0.0,0.0,0.0,0.0,0.016004774305555556,0.004135291004786268,5803.702804040133,0.18,0.35,8.0,,,,
rapid_local_alternation,target,localized,localized_t0.18_a0.35_b8,0.03952150046825409,0.07764787971973419,0.0,0.07897418478260869,0.013471989892423153,0.002760509727522731,25.590107181481862,0.9446144700050354,1.0,0.7116977225672878,0.8315693982461445,0.7116977225672878,0.09727647569444445,0.004147875006310642,5786.0952809537475,0.18,0.35,8.0,,,,
localized_red_alternation,target,localized,localized_t0.18_a0.35_b8,0.028032291680574417,0.05276300013065338,0.0,0.04766757246376811,0.019112251698970795,0.0045066820457577705,23.46143081077875,0.9230442047119141,1.0,0.9490489130434783,0.9738584872777971,0.9490489130434783,0.22916666666666666,0.004115208983421326,5832.024593814612,0.18,0.35,8.0,,,,
persistent_regular_pattern,target,localized,localized_t0.18_a0.35_b8,0.0,0.0,0.0,0.0,0.0,0.0,inf,1.0,0.0,0.0,0.0,0.0,0.0,0.004152542009251192,5779.5923428425,0.18,0.35,8.0,,,,
whole_frame_alternation,target,localized,localized_t0.18_a0.65_b4,0.14688387513160706,0.1573430746793747,0.9130434782608695,0.9130434782608695,0.2687942087650299,0.07768828421831131,11.096444700404591,0.8378171920776367,1.0,1.0,1.0,1.0,0.9583333333333334,0.004220957984216511,5685.913029635344,0.18,0.65,4.0,,,,
small_flashing_square,target,localized,localized_t0.18_a0.65_b4,0.003990908153355122,0.004085495602339506,0.0,0.010388360507246376,0.002368371468037367,0.0005857776268385351,32.32267219759441,0.9836949706077576,1.0,0.8125,0.896551724137931,0.8125,0.009982638888888888,0.004262792004738003,5630.11283997073,0.18,0.65,4.0,,,,
medium_flashing_region,target,localized,localized_t0.18_a0.65_b4,0.04495001211762428,0.04731070250272751,0.0,0.23451653079710144,0.06343571841716766,0.01743210293352604,17.586502183210953,0.8658944964408875,1.0,0.9921875,0.996078431372549,0.9921875,0.23958333333333334,0.00434624997433275,5522.001758236319,0.18,0.65,4.0,,,,
multiple_regions,target,localized,localized_t0.18_a0.65_b4,0.03407442197203636,0.03602943196892738,0.0,0.15155117753623187,0.04702654480934143,0.015268109738826752,18.16214727240385,0.8336288928985596,0.8852859703438162,0.9641526175687667,0.9230377166156983,0.8570752484619025,0.1494411892361111,0.004586916998960078,5232.272571193496,0.18,0.65,4.0,,,,
static_texture,negative,localized,localized_t0.18_a0.65_b4,0.0,0.0,0.0,0.0,0.0,0.0,inf,1.0,1.0,1.0,1.0,1.0,0.0,0.004306207993067801,5573.348997223442,0.18,0.65,4.0,,,,
gradual_transition,negative,localized,localized_t0.18_a0.65_b4,0.03379954397678375,0.06708288192749023,0.0,0.0,0.0,0.0,inf,1.0,1.0,1.0,1.0,1.0,0.0,0.004310832999181002,5567.369463061933,0.18,0.65,4.0,,,,
scene_cut,confound,localized,localized_t0.18_a0.65_b4,0.028650714084506035,0.4015139639377594,0.08695652173913043,0.08695652173913043,0.029046881943941116,0.010580215603113174,19.755054821790672,0.9888022541999817,0.0,0.0,0.0,0.0,0.08333333333333333,0.00435166698298417,5515.127902443932,0.18,0.65,4.0,,,,
global_brightness_change,confound,localized,localized_t0.18_a0.65_b4,0.04362306371331215,0.08227011561393738,0.0,0.0,0.0,0.0,inf,1.0,1.0,1.0,1.0,1.0,0.0,0.0045367919956333935,5290.081631051127,0.18,0.65,4.0,,,,
moving_bright_object,confound,localized,localized_t0.18_a0.65_b4,0.005479891784489155,0.006453445181250572,0.0,0.017323369565217392,0.004550680983811617,0.0012524508638307452,29.022393033735,0.97886723279953,0.0,0.0,0.0,0.0,0.022705078125,0.004204917000606656,5707.603740225419,0.18,0.65,4.0,,,,
rapid_local_alternation,target,localized,localized_t0.18_a0.65_b4,0.01982017047703266,0.03257995471358299,0.0,0.078125,0.032583124935626984,0.011542507447302341,19.376998365670513,0.888329029083252,0.8862433862433863,0.9536749482401656,0.918723510346547,0.8496656675121051,0.10026041666666667,0.004292666999390349,5590.929835323475,0.18,0.65,4.0,,,,
localized_red_alternation,target,localized,localized_t0.18_a0.65_b4,0.01579560525715351,0.05276300013065338,0.0,0.022333559782608696,0.029493512585759163,0.010931231081485748,19.613309248034078,0.889967679977417,1.0,0.9490489130434783,0.9738584872777971,0.9490489130434783,0.22916666666666666,0.004255957988789305,5639.153408755168,0.18,0.65,4.0,,,,
persistent_regular_pattern,target,localized,localized_t0.18_a0.65_b4,0.0,0.0,0.0,0.0,0.0,0.0,inf,1.0,0.0,0.0,0.0,0.0,0.0,0.004321291984524578,5553.894549581205,0.18,0.65,4.0,,,,
whole_frame_alternation,target,localized,localized_t0.18_a0.65_b8,0.14688387513160706,0.1573430746793747,0.9130434782608695,0.9130434782608695,0.2687942087650299,0.07768828421831131,11.096444700404591,0.8378171920776367,1.0,1.0,1.0,1.0,0.9583333333333334,0.004117625008802861,5828.602640767826,0.18,0.65,8.0,,,,
small_flashing_square,target,localized,localized_t0.18_a0.65_b8,0.0026566938031464815,0.010071825236082077,0.0,0.010416666666666666,0.0030491428915411234,0.0010038778418675065,29.983191316438052,0.9819750785827637,0.26229508196721313,0.9565217391304348,0.4116959064327485,0.25920471281296026,0.009548611111111112,0.004131541994865984,5808.969152394758,0.18,0.65,8.0,,,,
medium_flashing_region,target,localized,localized_t0.18_a0.65_b8,0.04495001211762428,0.04731070250272751,0.0,0.23451653079710144,0.06343571841716766,0.01743210293352604,17.586502183210953,0.8658944964408875,1.0,0.9921875,0.996078431372549,0.9921875,0.23958333333333334,0.003942999988794327,6086.736005124518,0.18,0.65,8.0,,,,
multiple_regions,target,localized,localized_t0.18_a0.65_b8,0.029181405901908875,0.030804231762886047,0.0,0.15058169157608695,0.049454424530267715,0.016756262630224228,17.758228413184987,0.8384313583374023,0.6429261155815654,0.9748003549245785,0.7748214758000528,0.6324151627666005,0.1494411892361111,0.004382084007374942,5476.846167168082,0.18,0.65,8.0,,,,
static_texture,negative,localized,localized_t0.18_a0.65_b8,0.0,0.0,0.0,0.0,0.0,0.0,inf,1.0,1.0,1.0,1.0,1.0,0.0,0.004118583019590005,5827.246867634864,0.18,0.65,8.0,,,,
gradual_transition,negative,localized,localized_t0.18_a0.65_b8,0.03379954397678375,0.06708288192749023,0.0,0.0,0.0,0.0,inf,1.0,1.0,1.0,1.0,1.0,0.0,0.00415445800172165,5776.926855453624,0.18,0.65,8.0,,,,
scene_cut,confound,localized,localized_t0.18_a0.65_b8,0.028650714084506035,0.4015139639377594,0.08695652173913043,0.08695652173913043,0.029046881943941116,0.010580215603113174,19.755054821790672,0.9888022541999817,0.0,0.0,0.0,0.0,0.08333333333333333,0.004132750007556751,5807.271176847353,0.18,0.65,8.0,,,,
global_brightness_change,confound,localized,localized_t0.18_a0.65_b8,0.04362306371331215,0.08227011561393738,0.0,0.0,0.0,0.0,inf,1.0,1.0,1.0,1.0,1.0,0.0,0.0043775000085588545,5482.581371347889,0.18,0.65,8.0,,,,
moving_bright_object,confound,localized,localized_t0.18_a0.65_b8,0.006626248359680176,0.009807012975215912,0.0,0.016757246376811596,0.0035090502351522446,0.0011307928944006562,29.46616929164019,0.9824258685112,0.0,0.0,0.0,0.0,0.017795138888888888,0.004124250001041219,5819.2398603239135,0.18,0.65,8.0,,,,
rapid_local_alternation,target,localized,localized_t0.18_a0.65_b8,0.0274443868547678,0.049969159066677094,0.0,0.078125,0.025145964697003365,0.008135294541716576,20.8962671863044,0.9100339412689209,1.0,0.7116977225672878,0.8315693982461445,0.7116977225672878,0.09966362847222222,0.004167333012446761,5759.078990884126,0.18,0.65,8.0,,,,
localized_red_alternation,target,localized,localized_t0.18_a0.65_b8,0.01579560525715351,0.05276300013065338,0.0,0.022333559782608696,0.029493512585759163,0.010931231081485748,19.613309248034078,0.889967679977417,1.0,0.9490489130434783,0.9738584872777971,0.9490489130434783,0.22916666666666666,0.004138624994084239,5799.0274630597505,0.18,0.65,8.0,,,,
persistent_regular_pattern,target,localized,localized_t0.18_a0.65_b8,0.0,0.0,0.0,0.0,0.0,0.0,inf,1.0,0.0,0.0,0.0,0.0,0.0,0.00415375002194196,5777.911495208257,0.18,0.65,8.0,,,,
whole_frame_alternation,target,localized,localized_t0.18_a0.85_b4,0.048872604966163635,0.0600469708442688,0.0,0.0,0.31452447175979614,0.11440051347017288,9.415720262705973,0.8029422163963318,1.0,1.0,1.0,1.0,0.9583333333333334,0.004278083011740819,5609.9893186116615,0.18,0.85,4.0,,,,
small_flashing_square,target,localized,localized_t0.18_a0.85_b4,0.002825901610776782,0.0029328668024390936,0.0,0.00973731884057971,0.0028418777510523796,0.0008526556775905192,30.69226311753594,0.9823005795478821,1.0,0.8125,0.896551724137931,0.8125,0.009982638888888888,0.004312458011554554,5565.271577299018,0.18,0.85,4.0,,,,
medium_flashing_region,target,localized,localized_t0.18_a0.85_b4,0.02091691829264164,0.023503437638282776,0.0,0.04803555253623189,0.07458328455686569,0.02551923878490925,15.931322843569891,0.8432738184928894,1.0,0.9921875,0.996078431372549,0.9921875,0.23958333333333334,0.004289333999622613,5595.274231876459,0.18,0.85,4.0,,,,
multiple_regions,target,localized,localized_t0.18_a0.85_b4,0.016940856352448463,0.018815405666828156,0.0,0.03951539855072464,0.055360324680805206,0.021996386349201202,16.576486608826563,0.8189384341239929,0.8852859703438162,0.9641526175687667,0.9230377166156983,0.8570752484619025,0.1494411892361111,0.004410291003296152,5441.817780745748,0.18,0.85,4.0,,,,
static_texture,negative,localized,localized_t0.18_a0.85_b4,0.0,0.0,0.0,0.0,0.0,0.0,inf,1.0,1.0,1.0,1.0,1.0,0.0,0.004232082981616259,5670.966307667779,0.18,0.85,4.0,,,,
gradual_transition,negative,localized,localized_t0.18_a0.85_b4,0.03379954397678375,0.06708288192749023,0.0,0.0,0.0,0.0,inf,1.0,1.0,1.0,1.0,1.0,0.0,0.004236040986143053,5665.667560467157,0.18,0.85,4.0,,,,
scene_cut,confound,localized,localized_t0.18_a0.85_b4,0.028650715947151184,0.5725440979003906,0.043478260869565216,0.043478260869565216,0.04258854314684868,0.02190849930047989,16.593873699446288,0.9737232327461243,0.0,0.0,0.0,0.0,0.08333333333333333,0.004269750003004447,5620.937990072532,0.18,0.85,4.0,,,,
global_brightness_change,confound,localized,localized_t0.18_a0.85_b4,0.04362306371331215,0.08227011561393738,0.0,0.0,0.0,0.0,inf,1.0,1.0,1.0,1.0,1.0,0.0,0.004556291998596862,5267.441157720125,0.18,0.85,4.0,,,,
moving_bright_object,confound,localized,localized_t0.18_a0.85_b4,0.0038713777903467417,0.005479827988892794,0.0,0.011846127717391304,0.005981946364045143,0.0020983514841645956,26.78121763593446,0.972399890422821,0.0,0.0,0.0,0.0,0.023274739583333332,0.004843791015446186,4954.796753920078,0.18,0.85,4.0,,,,
rapid_local_alternation,target,localized,localized_t0.18_a0.85_b4,0.008969093672931194,0.013881963677704334,0.0,0.015950520833333332,0.04031747207045555,0.017815692350268364,17.49197295510077,0.866165816783905,0.8862433862433863,0.9536749482401656,0.918723510346547,0.8496656675121051,0.10026041666666667,0.004410709021613002,5441.302040646329,0.18,0.85,4.0,,,,
localized_red_alternation,target,localized,localized_t0.18_a0.85_b4,0.009738167747855186,0.05276300013065338,0.0,0.013049139492753624,0.03465643525123596,0.0160240326076746,17.952281799576944,0.8796736598014832,1.0,0.9490489130434783,0.9738584872777971,0.9490489130434783,0.22916666666666666,0.00446850000298582,5370.929838640119,0.18,0.85,4.0,,,,
persistent_regular_pattern,target,localized,localized_t0.18_a0.85_b4,0.0,0.0,0.0,0.0,0.0,0.0,inf,1.0,0.0,0.0,0.0,0.0,0.0,0.004086749977432191,5872.637213563969,0.18,0.85,4.0,,,,
whole_frame_alternation,target,localized,localized_t0.18_a0.85_b8,0.048872604966163635,0.0600469708442688,0.0,0.0,0.31452447175979614,0.11440051347017288,9.415720262705973,0.8029422163963318,1.0,1.0,1.0,1.0,0.9583333333333334,0.004195500019704923,5720.41470320097,0.18,0.85,8.0,,,,
small_flashing_square,target,localized,localized_t0.18_a0.85_b8,0.0014269377570599318,0.010071825236082077,0.0,0.0022644927536231885,0.00356665370054543,0.001475645462051034,28.31017973387116,0.9814991354942322,0.26229508196721313,0.9565217391304348,0.4116959064327485,0.25920471281296026,0.009548611111111112,0.004115624993573874,5831.435088831839,0.18,0.85,8.0,,,,
medium_flashing_region,target,localized,localized_t0.18_a0.85_b8,0.02091691829264164,0.023503437638282776,0.0,0.04803555253623189,0.07458328455686569,0.02551923878490925,15.931322843569891,0.8432738184928894,1.0,0.9921875,0.996078431372549,0.9921875,0.23958333333333334,0.004223500000080094,5682.49082503726,0.18,0.85,8.0,,,,
multiple_regions,target,localized,localized_t0.18_a0.85_b8,0.01177222840487957,0.01323273591697216,0.0,0.012815613677536232,0.057961344718933105,0.024094097316265106,16.180893398715327,0.8229531645774841,0.6429261155815654,0.9748003549245785,0.7748214758000528,0.6324151627666005,0.1494411892361111,0.004143917001783848,5791.621789159539,0.18,0.85,8.0,,,,
static_texture,negative,localized,localized_t0.18_a0.85_b8,0.0,0.0,0.0,0.0,0.0,0.0,inf,1.0,1.0,1.0,1.0,1.0,0.0,0.00409279199084267,5863.967690930369,0.18,0.85,8.0,,,,
gradual_transition,negative,localized,localized_t0.18_a0.85_b8,0.03379954397678375,0.06708288192749023,0.0,0.0,0.0,0.0,inf,1.0,1.0,1.0,1.0,1.0,0.0,0.004363459011074156,5500.223547210979,0.18,0.85,8.0,,,,
scene_cut,confound,localized,localized_t0.18_a0.85_b8,0.028650715947151184,0.5725440979003906,0.043478260869565216,0.043478260869565216,0.04258854314684868,0.02190849930047989,16.593873699446288,0.9737232327461243,0.0,0.0,0.0,0.0,0.08333333333333333,0.003978084016125649,6033.055084486167,0.18,0.85,8.0,,,,
global_brightness_change,confound,localized,localized_t0.18_a0.85_b8,0.04362306371331215,0.08227011561393738,0.0,0.0,0.0,0.0,inf,1.0,1.0,1.0,1.0,1.0,0.0,0.00411691699991934,5829.605017655254,0.18,0.85,8.0,,,,
moving_bright_object,confound,localized,localized_t0.18_a0.85_b8,0.005656972527503967,0.009433762170374393,0.0,0.014492753623188406,0.0047117252834141254,0.001970789860934019,27.053596806937257,0.9771590828895569,0.0,0.0,0.0,0.0,0.018934461805555556,0.004107916989596561,5842.3770637967655,0.18,0.85,8.0,,,,
rapid_local_alternation,target,localized,localized_t0.18_a0.85_b8,0.019206061959266663,0.03465621545910835,0.0,0.042317708333333336,0.031571753323078156,0.012606303207576275,18.994122514073236,0.893373966217041,1.0,0.7116977225672878,0.8315693982461445,0.7116977225672878,0.10011121961805555,0.0043884170008823276,5468.942444433745,0.18,0.85,8.0,,,,
localized_red_alternation,target,localized,localized_t0.18_a0.85_b8,0.009738167747855186,0.05276300013065338,0.0,0.013049139492753624,0.03465643525123596,0.0160240326076746,17.952281799576944,0.8796736598014832,1.0,0.9490489130434783,0.9738584872777971,0.9490489130434783,0.22916666666666666,0.004117292002774775,5829.074057372086,0.18,0.85,8.0,,,,
persistent_regular_pattern,target,localized,localized_t0.18_a0.85_b8,0.0,0.0,0.0,0.0,0.0,0.0,inf,1.0,0.0,0.0,0.0,0.0,0.0,0.0039290419954340905,6108.359245813665,0.18,0.85,8.0,,,,
whole_frame_alternation,target,adaptive,adaptive_t0.05_s0.03_moderate,0.061491645872592926,0.7543075680732727,0.043478260869565216,0.043478260869565216,0.3138059973716736,0.21485283970832825,6.678589018753208,0.7388558983802795,1.0,0.9565217391304348,0.9777777777777777,0.9565217391304348,0.4583333333333333,0.015614125004503876,1537.0698001378385,0.05,,,0.03,moderate,0.5,0.25
small_flashing_square,target,adaptive,adaptive_t0.05_s0.03_moderate,0.0024360998068004847,0.010071825236082077,0.0,0.007133152173913043,0.00315130059607327,0.001244984450750053,29.048360726611126,0.9820954203605652,1.0,0.8967391304347826,0.9455587392550142,0.8967391304347826,0.009548611111111112,0.015220834000501782,1576.786134006113,0.05,,,0.03,moderate,0.5,0.25
medium_flashing_region,target,adaptive,adaptive_t0.05_s0.03_moderate,0.022282416000962257,0.18857689201831818,0.043478260869565216,0.039939990942028984,0.07583373039960861,0.045089561492204666,13.45923988300478,0.8170168995857239,1.0,0.9540307971014492,0.9764746784100127,0.9540307971014492,0.16273328993055555,0.015165082993917167,1582.5828325256502,0.05,,,0.03,moderate,0.5,0.25
multiple_regions,target,adaptive,adaptive_t0.05_s0.03_moderate,0.019716866314411163,0.08630311489105225,0.0,0.04172327898550725,0.05692467838525772,0.03697742521762848,14.320633325685828,0.8310506939888,1.0,0.926530612244898,0.961864406779661,0.926530612244898,0.12086317274305555,0.015197333006653935,1579.22445928453,0.05,,,0.03,moderate,0.5,0.25
static_texture,negative,adaptive,adaptive_t0.05_s0.03_moderate,0.0,0.0,0.0,0.0,0.0,0.0,inf,1.0,1.0,1.0,1.0,1.0,0.0,0.007446750008966774,3222.882461624352,0.05,,,0.03,moderate,0.5,0.25
gradual_transition,negative,adaptive,adaptive_t0.05_s0.03_moderate,0.03379954397678375,0.06708288192749023,0.0,0.0,0.0,0.0,inf,1.0,1.0,1.0,1.0,1.0,0.0,0.007572750007966533,3169.258192169555,0.05,,,0.03,moderate,0.5,0.25
scene_cut,confound,adaptive,adaptive_t0.05_s0.03_moderate,0.028650714084506035,0.6589664220809937,0.043478260869565216,0.043478260869565216,0.0,0.0,inf,1.0,1.0,1.0,1.0,1.0,0.0,0.00750316699850373,3198.6493176529384,0.05,,,0.03,moderate,0.5,0.25
global_brightness_change,confound,adaptive,adaptive_t0.05_s0.03_moderate,0.04362306371331215,0.08227011561393738,0.0,0.0,0.0,0.0,inf,1.0,1.0,1.0,1.0,1.0,0.0,0.007548458001110703,3179.457313860469,0.05,,,0.03,moderate,0.5,0.25
moving_bright_object,confound,adaptive,adaptive_t0.05_s0.03_moderate,0.00853796023875475,0.008926048874855042,0.0,0.009963768115942028,0.0,0.0,inf,1.0,1.0,1.0,1.0,1.0,0.0,0.007522625004639849,3190.375698003973,0.05,,,0.03,moderate,0.5,0.25
rapid_local_alternation,target,adaptive,adaptive_t0.05_s0.03_moderate,0.046350106596946716,0.09691385924816132,0.0,0.052309782608695655,0.0,0.0,inf,1.0,0.0,0.0,0.0,0.0,0.0,0.007502624997869134,3198.8803927713816,0.05,,,0.03,moderate,0.5,0.25
localized_red_alternation,target,adaptive,adaptive_t0.05_s0.03_moderate,0.011699904687702656,0.05276300013065338,0.0,0.012567934782608696,0.06280678510665894,0.01919971965253353,17.167051126634608,0.7153026461601257,1.0,0.9540307971014492,0.9764746784100127,0.9540307971014492,0.22916666666666666,0.020064625015947968,1196.1349878666597,0.05,,,0.03,moderate,0.5,0.25
persistent_regular_pattern,target,adaptive,adaptive_t0.05_s0.03_moderate,0.0,0.0,0.0,0.0,0.11513315886259079,0.013447046279907227,18.713731004357367,0.9644648432731628,1.0,1.0,1.0,1.0,1.0,0.009791834017960355,2451.021938890996,0.05,,,0.03,moderate,0.5,0.25
whole_frame_alternation,target,adaptive,adaptive_t0.05_s0.03_strong,0.061491645872592926,0.7543075680732727,0.043478260869565216,0.043478260869565216,0.3138059973716736,0.21485283970832825,6.678589018753208,0.7388558983802795,1.0,0.9565217391304348,0.9777777777777777,0.9565217391304348,0.4583333333333333,0.015222084010019898,1576.6566512313334,0.05,,,0.03,strong,1.0,0.5
small_flashing_square,target,adaptive,adaptive_t0.05_s0.03_strong,0.0024360998068004847,0.010071825236082077,0.0,0.007133152173913043,0.00315130059607327,0.001244984450750053,29.048360726611126,0.9820954203605652,1.0,0.8967391304347826,0.9455587392550142,0.8967391304347826,0.009548611111111112,0.015295583987608552,1569.08033190777,0.05,,,0.03,strong,1.0,0.5
medium_flashing_region,target,adaptive,adaptive_t0.05_s0.03_strong,0.022282416000962257,0.18857689201831818,0.043478260869565216,0.039939990942028984,0.07583373039960861,0.045089561492204666,13.45923988300478,0.8170168995857239,1.0,0.9540307971014492,0.9764746784100127,0.9540307971014492,0.16273328993055555,0.015242082998156548,1574.5879354483686,0.05,,,0.03,strong,1.0,0.5
multiple_regions,target,adaptive,adaptive_t0.05_s0.03_strong,0.019716866314411163,0.08630311489105225,0.0,0.04172327898550725,0.05692467838525772,0.03697742521762848,14.320633325685828,0.8310506939888,1.0,0.926530612244898,0.961864406779661,0.926530612244898,0.12086317274305555,0.01537583299796097,1560.8910426630353,0.05,,,0.03,strong,1.0,0.5
static_texture,negative,adaptive,adaptive_t0.05_s0.03_strong,0.0,0.0,0.0,0.0,0.0,0.0,inf,1.0,1.0,1.0,1.0,1.0,0.0,0.007518458005506545,3192.1439186628845,0.05,,,0.03,strong,1.0,0.5
gradual_transition,negative,adaptive,adaptive_t0.05_s0.03_strong,0.03379954397678375,0.06708288192749023,0.0,0.0,0.0,0.0,inf,1.0,1.0,1.0,1.0,1.0,0.0,0.007490916003007442,3203.8805388238925,0.05,,,0.03,strong,1.0,0.5
scene_cut,confound,adaptive,adaptive_t0.05_s0.03_strong,0.028650714084506035,0.6589664220809937,0.043478260869565216,0.043478260869565216,0.0,0.0,inf,1.0,1.0,1.0,1.0,1.0,0.0,0.007506750000175089,3197.1225895947273,0.05,,,0.03,strong,1.0,0.5
global_brightness_change,confound,adaptive,adaptive_t0.05_s0.03_strong,0.04362306371331215,0.08227011561393738,0.0,0.0,0.0,0.0,inf,1.0,1.0,1.0,1.0,1.0,0.0,0.0075311669788789,3186.757121082007,0.05,,,0.03,strong,1.0,0.5
moving_bright_object,confound,adaptive,adaptive_t0.05_s0.03_strong,0.00853796023875475,0.008926048874855042,0.0,0.009963768115942028,0.0,0.0,inf,1.0,1.0,1.0,1.0,1.0,0.0,0.007559249992482364,3174.918149798972,0.05,,,0.03,strong,1.0,0.5
rapid_local_alternation,target,adaptive,adaptive_t0.05_s0.03_strong,0.046350106596946716,0.09691385924816132,0.0,0.052309782608695655,0.0,0.0,inf,1.0,0.0,0.0,0.0,0.0,0.0,0.007556291995570064,3176.1610078157637,0.05,,,0.03,strong,1.0,0.5
localized_red_alternation,target,adaptive,adaptive_t0.05_s0.03_strong,0.010931313969194889,0.05276300013065338,0.0,0.011973505434782608,0.09577205777168274,0.04271742329001427,13.6939495178189,0.6819837689399719,1.0,0.9540307971014492,0.9764746784100127,0.9540307971014492,0.22916666666666666,0.019996250019175932,1200.2250410444242,0.05,,,0.03,strong,1.0,0.5
persistent_regular_pattern,target,adaptive,adaptive_t0.05_s0.03_strong,0.0,0.0,0.0,0.0,0.23026631772518158,0.053788185119628906,12.69313109107774,0.8251884579658508,1.0,1.0,1.0,1.0,1.0,0.009576209005899727,2506.2109635675283,0.05,,,0.03,strong,1.0,0.5
whole_frame_alternation,target,adaptive,adaptive_t0.05_s0.08_moderate,0.10931773483753204,0.7543075680732727,0.043478260869565216,0.043478260869565216,0.30172327160835266,0.1986260712146759,7.019637475750327,0.7442982792854309,1.0,0.9565217391304348,0.9777777777777777,0.9565217391304348,0.4583333333333333,0.015326084016123787,1565.9577472465132,0.05,,,0.08,moderate,0.5,0.25
small_flashing_square,target,adaptive,adaptive_t0.05_s0.08_moderate,0.0028726921882480383,0.010071825236082077,0.0,0.008746603260869566,0.0030067076440900564,0.001148041570559144,29.400423858600163,0.9824111461639404,1.0,0.8967391304347826,0.9455587392550142,0.8967391304347826,0.009548611111111112,0.015215415973216295,1577.3476086521205,0.05,,,0.08,moderate,0.5,0.25
medium_flashing_region,target,adaptive,adaptive_t0.05_s0.08_moderate,0.033870115876197815,0.18857689201831818,0.043478260869565216,0.06051856884057971,0.072530098259449,0.04153107851743698,13.816267905831241,0.8206574320793152,1.0,0.9540307971014492,0.9764746784100127,0.9540307971014492,0.16267903645833334,0.015282916981959715,1570.3808394909242,0.05,,,0.08,moderate,0.5,0.25
multiple_regions,target,adaptive,adaptive_t0.05_s0.08_moderate,0.026832202449440956,0.08944963663816452,0.0,0.06480695199275362,0.05480830743908882,0.03462876379489899,14.60563011963005,0.8328418731689453,1.0,0.926530612244898,0.961864406779661,0.926530612244898,0.1207546657986111,0.015350708999903873,1563.4457014428642,0.05,,,0.08,moderate,0.5,0.25
static_texture,negative,adaptive,adaptive_t0.05_s0.08_moderate,0.0,0.0,0.0,0.0,0.0,0.0,inf,1.0,1.0,1.0,1.0,1.0,0.0,0.007525791006628424,3189.0335486145887,0.05,,,0.08,moderate,0.5,0.25
gradual_transition,negative,adaptive,adaptive_t0.05_s0.08_moderate,0.03379954397678375,0.06708288192749023,0.0,0.0,0.0,0.0,inf,1.0,1.0,1.0,1.0,1.0,0.0,0.007564500003354624,3172.7146525688063,0.05,,,0.08,moderate,0.5,0.25
scene_cut,confound,adaptive,adaptive_t0.05_s0.08_moderate,0.028650714084506035,0.6589664220809937,0.043478260869565216,0.043478260869565216,0.0,0.0,inf,1.0,1.0,1.0,1.0,1.0,0.0,0.007571624999400228,3169.7290874681607,0.05,,,0.08,moderate,0.5,0.25
global_brightness_change,confound,adaptive,adaptive_t0.05_s0.08_moderate,0.04362306371331215,0.08227011561393738,0.0,0.0,0.0,0.0,inf,1.0,1.0,1.0,1.0,1.0,0.0,0.007503417000407353,3198.5427437522217,0.05,,,0.08,moderate,0.5,0.25
moving_bright_object,confound,adaptive,adaptive_t0.05_s0.08_moderate,0.00853796023875475,0.008926048874855042,0.0,0.009963768115942028,0.0,0.0,inf,1.0,1.0,1.0,1.0,1.0,0.0,0.007526208006311208,3188.8568559192704,0.05,,,0.08,moderate,0.5,0.25
rapid_local_alternation,target,adaptive,adaptive_t0.05_s0.08_moderate,0.046350106596946716,0.09691385924816132,0.0,0.052309782608695655,0.0,0.0,inf,1.0,0.0,0.0,0.0,0.0,0.0,0.007581749989185482,3165.496097105987,0.05,,,0.08,moderate,0.5,0.25
localized_red_alternation,target,adaptive,adaptive_t0.05_s0.08_moderate,0.022075381129980087,0.05276300013065338,0.0,0.01378509963768116,0.05420892685651779,0.013773874379694462,18.609438821793823,0.7431530952453613,1.0,0.9540307971014492,0.9764746784100127,0.9540307971014492,0.22916666666666666,0.02001416598795913,1199.1506423219842,0.05,,,0.08,moderate,0.5,0.25
persistent_regular_pattern,target,adaptive,adaptive_t0.05_s0.08_moderate,0.0,0.0,0.0,0.0,0.11513315886259079,0.013447046279907227,18.713731004357367,0.9644648432731628,1.0,1.0,1.0,1.0,1.0,0.009743791975779459,2463.1067719485163,0.05,,,0.08,moderate,0.5,0.25
whole_frame_alternation,target,adaptive,adaptive_t0.05_s0.08_strong,0.10931773483753204,0.7543075680732727,0.043478260869565216,0.043478260869565216,0.30172327160835266,0.1986260712146759,7.019637475750327,0.7442982792854309,1.0,0.9565217391304348,0.9777777777777777,0.9565217391304348,0.4583333333333333,0.015166332974331453,1582.452399048554,0.05,,,0.08,strong,1.0,0.5
small_flashing_square,target,adaptive,adaptive_t0.05_s0.08_strong,0.0028726921882480383,0.010071825236082077,0.0,0.008746603260869566,0.0030067076440900564,0.001148041570559144,29.400423858600163,0.9824111461639404,1.0,0.8967391304347826,0.9455587392550142,0.8967391304347826,0.009548611111111112,0.01520537500618957,1578.3892202744391,0.05,,,0.08,strong,1.0,0.5
medium_flashing_region,target,adaptive,adaptive_t0.05_s0.08_strong,0.033870115876197815,0.18857689201831818,0.043478260869565216,0.06051856884057971,0.072530098259449,0.04153107851743698,13.816267905831241,0.8206574320793152,1.0,0.9540307971014492,0.9764746784100127,0.9540307971014492,0.16267903645833334,0.01535637499182485,1562.8688419484863,0.05,,,0.08,strong,1.0,0.5
multiple_regions,target,adaptive,adaptive_t0.05_s0.08_strong,0.026832202449440956,0.08944963663816452,0.0,0.06480695199275362,0.05480830743908882,0.03462876379489899,14.60563011963005,0.8328418731689453,1.0,0.926530612244898,0.961864406779661,0.926530612244898,0.1207546657986111,0.015312625007936731,1567.3341433986982,0.05,,,0.08,strong,1.0,0.5
static_texture,negative,adaptive,adaptive_t0.05_s0.08_strong,0.0,0.0,0.0,0.0,0.0,0.0,inf,1.0,1.0,1.0,1.0,1.0,0.0,0.007528624992119148,3187.8331069913615,0.05,,,0.08,strong,1.0,0.5
gradual_transition,negative,adaptive,adaptive_t0.05_s0.08_strong,0.03379954397678375,0.06708288192749023,0.0,0.0,0.0,0.0,inf,1.0,1.0,1.0,1.0,1.0,0.0,0.007504417008021846,3198.1165191573446,0.05,,,0.08,strong,1.0,0.5
scene_cut,confound,adaptive,adaptive_t0.05_s0.08_strong,0.028650714084506035,0.6589664220809937,0.043478260869565216,0.043478260869565216,0.0,0.0,inf,1.0,1.0,1.0,1.0,1.0,0.0,0.007750874996418133,3096.4245986538267,0.05,,,0.08,strong,1.0,0.5
global_brightness_change,confound,adaptive,adaptive_t0.05_s0.08_strong,0.04362306371331215,0.08227011561393738,0.0,0.0,0.0,0.0,inf,1.0,1.0,1.0,1.0,1.0,0.0,0.0075413750018924475,3182.443519116526,0.05,,,0.08,strong,1.0,0.5
moving_bright_object,confound,adaptive,adaptive_t0.05_s0.08_strong,0.00853796023875475,0.008926048874855042,0.0,0.009963768115942028,0.0,0.0,inf,1.0,1.0,1.0,1.0,1.0,0.0,0.007528957998147234,3187.692109041656,0.05,,,0.08,strong,1.0,0.5
rapid_local_alternation,target,adaptive,adaptive_t0.05_s0.08_strong,0.046350106596946716,0.09691385924816132,0.0,0.052309782608695655,0.0,0.0,inf,1.0,0.0,0.0,0.0,0.0,0.0,0.007512624986702576,3194.622391305336,0.05,,,0.08,strong,1.0,0.5
localized_red_alternation,target,adaptive,adaptive_t0.05_s0.08_strong,0.022347310557961464,0.05276300013065338,0.0,0.012624547101449276,0.09028616547584534,0.038205310702323914,14.178762640933563,0.6823150515556335,1.0,0.9540307971014492,0.9764746784100127,0.9540307971014492,0.22916666666666666,0.02002458300557919,1198.5268304120586,0.05,,,0.08,strong,1.0,0.5
persistent_regular_pattern,target,adaptive,adaptive_t0.05_s0.08_strong,0.0,0.0,0.0,0.0,0.23026631772518158,0.053788185119628906,12.69313109107774,0.8251884579658508,1.0,1.0,1.0,1.0,1.0,0.009640709002269432,2489.4434625451695,0.05,,,0.08,strong,1.0,0.5
whole_frame_alternation,target,adaptive,adaptive_t0.05_s0.15_moderate,0.17627429962158203,0.7543075680732727,1.0,1.0,0.2839384973049164,0.17590059340000153,7.547326954492384,0.7528389096260071,1.0,0.9565217391304348,0.9777777777777777,0.9565217391304348,0.4583333333333333,0.015187874989351258,1580.207897209269,0.05,,,0.15,moderate,0.5,0.25
small_flashing_square,target,adaptive,adaptive_t0.05_s0.15_moderate,0.0034706611186265945,0.010071825236082077,0.0,0.010416666666666666,0.0028108793776482344,0.0010229481849819422,29.901463638893357,0.9827842116355896,1.0,0.8967391304347826,0.9455587392550142,0.8967391304347826,0.009548611111111112,0.01517904200591147,1581.1274513011567,0.05,,,0.15,moderate,0.5,0.25
medium_flashing_region,target,adaptive,adaptive_t0.05_s0.15_moderate,0.050032056868076324,0.18857689201831818,0.043478260869565216,0.25,0.06778568029403687,0.03662176430225372,14.362607368154281,0.825681209564209,1.0,0.9540307971014492,0.9764746784100127,0.9540307971014492,0.1618923611111111,0.015286625013686717,1569.9999168234883,0.05,,,0.15,moderate,0.5,0.25
multiple_regions,target,adaptive,adaptive_t0.05_s0.15_moderate,0.036691904067993164,0.09385725110769272,0.0,0.1559386322463768,0.05184456706047058,0.03142096474766731,15.02780484536146,0.834838330745697,1.0,0.926530612244898,0.961864406779661,0.926530612244898,0.12017144097222222,0.015232208010274917,1575.6087353724918,0.05,,,0.15,moderate,0.5,0.25
static_texture,negative,adaptive,adaptive_t0.05_s0.15_moderate,0.0,0.0,0.0,0.0,0.0,0.0,inf,1.0,1.0,1.0,1.0,1.0,0.0,0.0075507919827941805,3178.4745301801795,0.05,,,0.15,moderate,0.5,0.25
gradual_transition,negative,adaptive,adaptive_t0.05_s0.15_moderate,0.03379954397678375,0.06708288192749023,0.0,0.0,0.0,0.0,inf,1.0,1.0,1.0,1.0,1.0,0.0,0.007522875006543472,3190.269674708746,0.05,,,0.15,moderate,0.5,0.25
scene_cut,confound,adaptive,adaptive_t0.05_s0.15_moderate,0.028650714084506035,0.6589664220809937,0.043478260869565216,0.043478260869565216,0.0,0.0,inf,1.0,1.0,1.0,1.0,1.0,0.0,0.007568458007881418,3171.055448151735,0.05,,,0.15,moderate,0.5,0.25
global_brightness_change,confound,adaptive,adaptive_t0.05_s0.15_moderate,0.04362306371331215,0.08227011561393738,0.0,0.0,0.0,0.0,inf,1.0,1.0,1.0,1.0,1.0,0.0,0.007585832994664088,3163.7922976793343,0.05,,,0.15,moderate,0.5,0.25
moving_bright_object,confound,adaptive,adaptive_t0.05_s0.15_moderate,0.00853796023875475,0.008926048874855042,0.0,0.009963768115942028,0.0,0.0,inf,1.0,1.0,1.0,1.0,1.0,0.0,0.007615959009854123,3151.2774647220294,0.05,,,0.15,moderate,0.5,0.25
rapid_local_alternation,target,adaptive,adaptive_t0.05_s0.15_moderate,0.046350106596946716,0.09691385924816132,0.0,0.052309782608695655,0.0,0.0,inf,1.0,0.0,0.0,0.0,0.0,0.0,0.007539666985394433,3183.1644615726295,0.05,,,0.15,moderate,0.5,0.25
localized_red_alternation,target,adaptive,adaptive_t0.05_s0.15_moderate,0.037544723600149155,0.05276300013065338,0.0,0.2402626811594203,0.02982555516064167,0.007026192266494036,21.532799702378526,0.8678014874458313,1.0,0.9540307971014492,0.9764746784100127,0.9540307971014492,0.14561631944444445,0.019983500009402633,1200.9908168592851,0.05,,,0.15,moderate,0.5,0.25
persistent_regular_pattern,target,adaptive,adaptive_t0.05_s0.15_moderate,0.0,0.0,0.0,0.0,0.11513315886259079,0.013447046279907227,18.713731004357367,0.9644648432731628,1.0,1.0,1.0,1.0,1.0,0.009819667000556365,2444.0747327419763,0.05,,,0.15,moderate,0.5,0.25
whole_frame_alternation,target,adaptive,adaptive_t0.05_s0.15_strong,0.17627429962158203,0.7543075680732727,1.0,1.0,0.2839384973049164,0.17590059340000153,7.547326954492384,0.7528389096260071,1.0,0.9565217391304348,0.9777777777777777,0.9565217391304348,0.4583333333333333,0.015165291988523677,1582.5610227723926,0.05,,,0.15,strong,1.0,0.5
small_flashing_square,target,adaptive,adaptive_t0.05_s0.15_strong,0.0034706611186265945,0.010071825236082077,0.0,0.010416666666666666,0.0028108793776482344,0.0010229481849819422,29.901463638893357,0.9827842116355896,1.0,0.8967391304347826,0.9455587392550142,0.8967391304347826,0.009548611111111112,0.015227916999720037,1576.0527195177933,0.05,,,0.15,strong,1.0,0.5
medium_flashing_region,target,adaptive,adaptive_t0.05_s0.15_strong,0.050032056868076324,0.18857689201831818,0.043478260869565216,0.25,0.06778568029403687,0.03662176430225372,14.362607368154281,0.825681209564209,1.0,0.9540307971014492,0.9764746784100127,0.9540307971014492,0.1618923611111111,0.015290999988792464,1569.5507172579162,0.05,,,0.15,strong,1.0,0.5
multiple_regions,target,adaptive,adaptive_t0.05_s0.15_strong,0.036691904067993164,0.09385725110769272,0.0,0.1559386322463768,0.05184456706047058,0.03142096474766731,15.02780484536146,0.834838330745697,1.0,0.926530612244898,0.961864406779661,0.926530612244898,0.12017144097222222,0.015360416990006343,1562.4575827345486,0.05,,,0.15,strong,1.0,0.5
static_texture,negative,adaptive,adaptive_t0.05_s0.15_strong,0.0,0.0,0.0,0.0,0.0,0.0,inf,1.0,1.0,1.0,1.0,1.0,0.0,0.0075362919887993485,3184.5899861190996,0.05,,,0.15,strong,1.0,0.5
gradual_transition,negative,adaptive,adaptive_t0.05_s0.15_strong,0.03379954397678375,0.06708288192749023,0.0,0.0,0.0,0.0,inf,1.0,1.0,1.0,1.0,1.0,0.0,0.007523750013206154,3189.8986486623967,0.05,,,0.15,strong,1.0,0.5
scene_cut,confound,adaptive,adaptive_t0.05_s0.15_strong,0.028650714084506035,0.6589664220809937,0.043478260869565216,0.043478260869565216,0.0,0.0,inf,1.0,1.0,1.0,1.0,1.0,0.0,0.0074986660038121045,3200.56927296123,0.05,,,0.15,strong,1.0,0.5
global_brightness_change,confound,adaptive,adaptive_t0.05_s0.15_strong,0.04362306371331215,0.08227011561393738,0.0,0.0,0.0,0.0,inf,1.0,1.0,1.0,1.0,1.0,0.0,0.007542708015535027,3181.881089731883,0.05,,,0.15,strong,1.0,0.5
moving_bright_object,confound,adaptive,adaptive_t0.05_s0.15_strong,0.00853796023875475,0.008926048874855042,0.0,0.009963768115942028,0.0,0.0,inf,1.0,1.0,1.0,1.0,1.0,0.0,0.007501958985812962,3199.1643843143725,0.05,,,0.15,strong,1.0,0.5
rapid_local_alternation,target,adaptive,adaptive_t0.05_s0.15_strong,0.046350106596946716,0.09691385924816132,0.0,0.052309782608695655,0.0,0.0,inf,1.0,0.0,0.0,0.0,0.0,0.0,0.007529541006078944,3187.445287916448,0.05,,,0.15,strong,1.0,0.5
localized_red_alternation,target,adaptive,adaptive_t0.05_s0.15_strong,0.038294050842523575,0.05276300013065338,0.0,0.25,0.07797564566135406,0.03144647553563118,15.02428022434941,0.7108235359191895,1.0,0.9540307971014492,0.9764746784100127,0.9540307971014492,0.22862413194444445,0.019912042014766484,1205.300791460863,0.05,,,0.15,strong,1.0,0.5
persistent_regular_pattern,target,adaptive,adaptive_t0.05_s0.15_strong,0.0,0.0,0.0,0.0,0.23026631772518158,0.053788185119628906,12.69313109107774,0.8251884579658508,1.0,1.0,1.0,1.0,1.0,0.009671292005805299,2481.5712301514354,0.05,,,0.15,strong,1.0,0.5
whole_frame_alternation,target,adaptive,adaptive_t0.10_s0.03_moderate,0.061491645872592926,0.7543075680732727,0.043478260869565216,0.043478260869565216,0.3138059973716736,0.21485283970832825,6.678589018753208,0.7388558983802795,1.0,0.9565217391304348,0.9777777777777777,0.9565217391304348,0.4583333333333333,0.015182458009803668,1580.7717027442222,0.1,,,0.03,moderate,0.5,0.25
small_flashing_square,target,adaptive,adaptive_t0.10_s0.03_moderate,0.0024360998068004847,0.010071825236082077,0.0,0.007133152173913043,0.00315130059607327,0.001244984450750053,29.048360726611126,0.9820954203605652,1.0,0.8967391304347826,0.9455587392550142,0.8967391304347826,0.009548611111111112,0.015213334001600742,1577.5634714569946,0.1,,,0.03,moderate,0.5,0.25
medium_flashing_region,target,adaptive,adaptive_t0.10_s0.03_moderate,0.022282416000962257,0.18857689201831818,0.043478260869565216,0.039939990942028984,0.07583373039960861,0.045089561492204666,13.45923988300478,0.8170168995857239,1.0,0.9540307971014492,0.9764746784100127,0.9540307971014492,0.16273328993055555,0.015327959001297131,1565.7661922222649,0.1,,,0.03,moderate,0.5,0.25
multiple_regions,target,adaptive,adaptive_t0.10_s0.03_moderate,0.019716866314411163,0.08630311489105225,0.0,0.04172327898550725,0.05692467838525772,0.03697742521762848,14.320633325685828,0.8310506939888,1.0,0.926530612244898,0.961864406779661,0.926530612244898,0.12086317274305555,0.015346416999818757,1563.8829571934245,0.1,,,0.03,moderate,0.5,0.25
static_texture,negative,adaptive,adaptive_t0.10_s0.03_moderate,0.0,0.0,0.0,0.0,0.0,0.0,inf,1.0,1.0,1.0,1.0,1.0,0.0,0.007508042006520554,3196.5724191682166,0.1,,,0.03,moderate,0.5,0.25
gradual_transition,negative,adaptive,adaptive_t0.10_s0.03_moderate,0.03379954397678375,0.06708288192749023,0.0,0.0,0.0,0.0,inf,1.0,1.0,1.0,1.0,1.0,0.0,0.007530082977609709,3187.2158741627004,0.1,,,0.03,moderate,0.5,0.25
scene_cut,confound,adaptive,adaptive_t0.10_s0.03_moderate,0.028650714084506035,0.6589664220809937,0.043478260869565216,0.043478260869565216,0.0,0.0,inf,1.0,1.0,1.0,1.0,1.0,0.0,0.007596957992063835,3159.1592351927716,0.1,,,0.03,moderate,0.5,0.25
global_brightness_change,confound,adaptive,adaptive_t0.10_s0.03_moderate,0.04362306371331215,0.08227011561393738,0.0,0.0,0.0,0.0,inf,1.0,1.0,1.0,1.0,1.0,0.0,0.00754016701830551,3182.953367177997,0.1,,,0.03,moderate,0.5,0.25
moving_bright_object,confound,adaptive,adaptive_t0.10_s0.03_moderate,0.00853796023875475,0.008926048874855042,0.0,0.009963768115942028,0.0,0.0,inf,1.0,1.0,1.0,1.0,1.0,0.0,0.007565750012872741,3172.1904582050975,0.1,,,0.03,moderate,0.5,0.25
rapid_local_alternation,target,adaptive,adaptive_t0.10_s0.03_moderate,0.046350106596946716,0.09691385924816132,0.0,0.052309782608695655,0.0,0.0,inf,1.0,0.0,0.0,0.0,0.0,0.0,0.007620040996698663,3149.589353967762,0.1,,,0.03,moderate,0.5,0.25
localized_red_alternation,target,adaptive,adaptive_t0.10_s0.03_moderate,0.011699904687702656,0.05276300013065338,0.0,0.012567934782608696,0.06280678510665894,0.01919971965253353,17.167051126634608,0.7153026461601257,1.0,0.9540307971014492,0.9764746784100127,0.9540307971014492,0.22916666666666666,0.02001729200128466,1198.963376187935,0.1,,,0.03,moderate,0.5,0.25
persistent_regular_pattern,target,adaptive,adaptive_t0.10_s0.03_moderate,0.0,0.0,0.0,0.0,0.11513315886259079,0.013447046279907227,18.713731004357367,0.9644648432731628,1.0,1.0,1.0,1.0,1.0,0.009572582988766953,2507.160296041627,0.1,,,0.03,moderate,0.5,0.25
whole_frame_alternation,target,adaptive,adaptive_t0.10_s0.03_strong,0.061491645872592926,0.7543075680732727,0.043478260869565216,0.043478260869565216,0.3138059973716736,0.21485283970832825,6.678589018753208,0.7388558983802795,1.0,0.9565217391304348,0.9777777777777777,0.9565217391304348,0.4583333333333333,0.015185791999101639,1580.424649660669,0.1,,,0.03,strong,1.0,0.5
small_flashing_square,target,adaptive,adaptive_t0.10_s0.03_strong,0.0024360998068004847,0.010071825236082077,0.0,0.007133152173913043,0.00315130059607327,0.001244984450750053,29.048360726611126,0.9820954203605652,1.0,0.8967391304347826,0.9455587392550142,0.8967391304347826,0.009548611111111112,0.01513304200489074,1585.9336141565993,0.1,,,0.03,strong,1.0,0.5
medium_flashing_region,target,adaptive,adaptive_t0.10_s0.03_strong,0.022282416000962257,0.18857689201831818,0.043478260869565216,0.039939990942028984,0.07583373039960861,0.045089561492204666,13.45923988300478,0.8170168995857239,1.0,0.9540307971014492,0.9764746784100127,0.9540307971014492,0.16273328993055555,0.015388250001706183,1559.631536876447,0.1,,,0.03,strong,1.0,0.5
multiple_regions,target,adaptive,adaptive_t0.10_s0.03_strong,0.019716866314411163,0.08630311489105225,0.0,0.04172327898550725,0.05692467838525772,0.03697742521762848,14.320633325685828,0.8310506939888,1.0,0.926530612244898,0.961864406779661,0.926530612244898,0.12086317274305555,0.015258625004207715,1572.8809111818243,0.1,,,0.03,strong,1.0,0.5
static_texture,negative,adaptive,adaptive_t0.10_s0.03_strong,0.0,0.0,0.0,0.0,0.0,0.0,inf,1.0,1.0,1.0,1.0,1.0,0.0,0.007517166988691315,3192.6921453394807,0.1,,,0.03,strong,1.0,0.5
gradual_transition,negative,adaptive,adaptive_t0.10_s0.03_strong,0.03379954397678375,0.06708288192749023,0.0,0.0,0.0,0.0,inf,1.0,1.0,1.0,1.0,1.0,0.0,0.007511958974646404,3194.9056272807593,0.1,,,0.03,strong,1.0,0.5
scene_cut,confound,adaptive,adaptive_t0.10_s0.03_strong,0.028650714084506035,0.6589664220809937,0.043478260869565216,0.043478260869565216,0.0,0.0,inf,1.0,1.0,1.0,1.0,1.0,0.0,0.007513082993682474,3194.4276431101425,0.1,,,0.03,strong,1.0,0.5
global_brightness_change,confound,adaptive,adaptive_t0.10_s0.03_strong,0.04362306371331215,0.08227011561393738,0.0,0.0,0.0,0.0,inf,1.0,1.0,1.0,1.0,1.0,0.0,0.007513332995586097,3194.321350338049,0.1,,,0.03,strong,1.0,0.5
moving_bright_object,confound,adaptive,adaptive_t0.10_s0.03_strong,0.00853796023875475,0.008926048874855042,0.0,0.009963768115942028,0.0,0.0,inf,1.0,1.0,1.0,1.0,1.0,0.0,0.0075573330104816705,3175.7234948775067,0.1,,,0.03,strong,1.0,0.5
rapid_local_alternation,target,adaptive,adaptive_t0.10_s0.03_strong,0.046350106596946716,0.09691385924816132,0.0,0.052309782608695655,0.0,0.0,inf,1.0,0.0,0.0,0.0,0.0,0.0,0.007637417002115399,3142.4236745685776,0.1,,,0.03,strong,1.0,0.5
localized_red_alternation,target,adaptive,adaptive_t0.10_s0.03_strong,0.010931313969194889,0.05276300013065338,0.0,0.011973505434782608,0.09577205777168274,0.04271742329001427,13.6939495178189,0.6819837689399719,1.0,0.9540307971014492,0.9764746784100127,0.9540307971014492,0.22916666666666666,0.020051917003002018,1196.8930450094574,0.1,,,0.03,strong,1.0,0.5
persistent_regular_pattern,target,adaptive,adaptive_t0.10_s0.03_strong,0.0,0.0,0.0,0.0,0.23026631772518158,0.053788185119628906,12.69313109107774,0.8251884579658508,1.0,1.0,1.0,1.0,1.0,0.009765708004124463,2457.5791115056695,0.1,,,0.03,strong,1.0,0.5
whole_frame_alternation,target,adaptive,adaptive_t0.10_s0.08_moderate,0.10931773483753204,0.7543075680732727,0.043478260869565216,0.043478260869565216,0.30172327160835266,0.1986260712146759,7.019637475750327,0.7442982792854309,1.0,0.9565217391304348,0.9777777777777777,0.9565217391304348,0.4583333333333333,0.015256915998179466,1573.05709770335,0.1,,,0.08,moderate,0.5,0.25
small_flashing_square,target,adaptive,adaptive_t0.10_s0.08_moderate,0.0028726921882480383,0.010071825236082077,0.0,0.008746603260869566,0.0030067076440900564,0.001148041570559144,29.400423858600163,0.9824111461639404,1.0,0.8967391304347826,0.9455587392550142,0.8967391304347826,0.009548611111111112,0.015109499974641949,1588.4046487493858,0.1,,,0.08,moderate,0.5,0.25
medium_flashing_region,target,adaptive,adaptive_t0.10_s0.08_moderate,0.033870115876197815,0.18857689201831818,0.043478260869565216,0.06051856884057971,0.072530098259449,0.04153107851743698,13.816267905831241,0.8206574320793152,1.0,0.9540307971014492,0.9764746784100127,0.9540307971014492,0.16267903645833334,0.015318958001444116,1566.686193521617,0.1,,,0.08,moderate,0.5,0.25
multiple_regions,target,adaptive,adaptive_t0.10_s0.08_moderate,0.026832202449440956,0.08944963663816452,0.0,0.06480695199275362,0.05480830743908882,0.03462876379489899,14.60563011963005,0.8328418731689453,1.0,0.926530612244898,0.961864406779661,0.926530612244898,0.1207546657986111,0.015253707999363542,1573.3879264636112,0.1,,,0.08,moderate,0.5,0.25
static_texture,negative,adaptive,adaptive_t0.10_s0.08_moderate,0.0,0.0,0.0,0.0,0.0,0.0,inf,1.0,1.0,1.0,1.0,1.0,0.0,0.007538583013229072,3183.6221685008486,0.1,,,0.08,moderate,0.5,0.25
gradual_transition,negative,adaptive,adaptive_t0.10_s0.08_moderate,0.03379954397678375,0.06708288192749023,0.0,0.0,0.0,0.0,inf,1.0,1.0,1.0,1.0,1.0,0.0,0.007590166991576552,3161.985767458716,0.1,,,0.08,moderate,0.5,0.25
scene_cut,confound,adaptive,adaptive_t0.10_s0.08_moderate,0.028650714084506035,0.6589664220809937,0.043478260869565216,0.043478260869565216,0.0,0.0,inf,1.0,1.0,1.0,1.0,1.0,0.0,0.007368624996161088,3257.052708273733,0.1,,,0.08,moderate,0.5,0.25
global_brightness_change,confound,adaptive,adaptive_t0.10_s0.08_moderate,0.04362306371331215,0.08227011561393738,0.0,0.0,0.0,0.0,inf,1.0,1.0,1.0,1.0,1.0,0.0,0.007496917009120807,3201.3159503835263,0.1,,,0.08,moderate,0.5,0.25
moving_bright_object,confound,adaptive,adaptive_t0.10_s0.08_moderate,0.00853796023875475,0.008926048874855042,0.0,0.009963768115942028,0.0,0.0,inf,1.0,1.0,1.0,1.0,1.0,0.0,0.007321915996726602,3277.830558385215,0.1,,,0.08,moderate,0.5,0.25
rapid_local_alternation,target,adaptive,adaptive_t0.10_s0.08_moderate,0.046350106596946716,0.09691385924816132,0.0,0.052309782608695655,0.0,0.0,inf,1.0,0.0,0.0,0.0,0.0,0.0,0.007519249978940934,3191.8077025257157,0.1,,,0.08,moderate,0.5,0.25
localized_red_alternation,target,adaptive,adaptive_t0.10_s0.08_moderate,0.022075381129980087,0.05276300013065338,0.0,0.01378509963768116,0.05420892685651779,0.013773874379694462,18.609438821793823,0.7431530952453613,1.0,0.9540307971014492,0.9764746784100127,0.9540307971014492,0.22916666666666666,0.01972737500909716,1216.583554017326,0.1,,,0.08,moderate,0.5,0.25
persistent_regular_pattern,target,adaptive,adaptive_t0.10_s0.08_moderate,0.0,0.0,0.0,0.0,0.11513315886259079,0.013447046279907227,18.713731004357367,0.9644648432731628,1.0,1.0,1.0,1.0,1.0,0.0097575839899946,2459.6252540187747,0.1,,,0.08,moderate,0.5,0.25
whole_frame_alternation,target,adaptive,adaptive_t0.10_s0.08_strong,0.10931773483753204,0.7543075680732727,0.043478260869565216,0.043478260869565216,0.30172327160835266,0.1986260712146759,7.019637475750327,0.7442982792854309,1.0,0.9565217391304348,0.9777777777777777,0.9565217391304348,0.4583333333333333,0.01486720799584873,1614.2909957741465,0.1,,,0.08,strong,1.0,0.5
small_flashing_square,target,adaptive,adaptive_t0.10_s0.08_strong,0.0028726921882480383,0.010071825236082077,0.0,0.008746603260869566,0.0030067076440900564,0.001148041570559144,29.400423858600163,0.9824111461639404,1.0,0.8967391304347826,0.9455587392550142,0.8967391304347826,0.009548611111111112,0.015200041991192847,1578.943006467087,0.1,,,0.08,strong,1.0,0.5
medium_flashing_region,target,adaptive,adaptive_t0.10_s0.08_strong,0.033870115876197815,0.18857689201831818,0.043478260869565216,0.06051856884057971,0.072530098259449,0.04153107851743698,13.816267905831241,0.8206574320793152,1.0,0.9540307971014492,0.9764746784100127,0.9540307971014492,0.16267903645833334,0.015020041988464072,1597.8650404860955,0.1,,,0.08,strong,1.0,0.5
multiple_regions,target,adaptive,adaptive_t0.10_s0.08_strong,0.026832202449440956,0.08944963663816452,0.0,0.06480695199275362,0.05480830743908882,0.03462876379489899,14.60563011963005,0.8328418731689453,1.0,0.926530612244898,0.961864406779661,0.926530612244898,0.1207546657986111,0.015335333009716123,1565.013292166146,0.1,,,0.08,strong,1.0,0.5
static_texture,negative,adaptive,adaptive_t0.10_s0.08_strong,0.0,0.0,0.0,0.0,0.0,0.0,inf,1.0,1.0,1.0,1.0,1.0,0.0,0.007454583013895899,3219.495973854233,0.1,,,0.08,strong,1.0,0.5
gradual_transition,negative,adaptive,adaptive_t0.10_s0.08_strong,0.03379954397678375,0.06708288192749023,0.0,0.0,0.0,0.0,inf,1.0,1.0,1.0,1.0,1.0,0.0,0.007461834000423551,3216.3674505004674,0.1,,,0.08,strong,1.0,0.5
scene_cut,confound,adaptive,adaptive_t0.10_s0.08_strong,0.028650714084506035,0.6589664220809937,0.043478260869565216,0.043478260869565216,0.0,0.0,inf,1.0,1.0,1.0,1.0,1.0,0.0,0.0074682919948827475,3213.586187637646,0.1,,,0.08,strong,1.0,0.5
global_brightness_change,confound,adaptive,adaptive_t0.10_s0.08_strong,0.04362306371331215,0.08227011561393738,0.0,0.0,0.0,0.0,inf,1.0,1.0,1.0,1.0,1.0,0.0,0.007470000011380762,3212.8514007276176,0.1,,,0.08,strong,1.0,0.5
moving_bright_object,confound,adaptive,adaptive_t0.10_s0.08_strong,0.00853796023875475,0.008926048874855042,0.0,0.009963768115942028,0.0,0.0,inf,1.0,1.0,1.0,1.0,1.0,0.0,0.007401124981697649,3242.75026558124,0.1,,,0.08,strong,1.0,0.5
rapid_local_alternation,target,adaptive,adaptive_t0.10_s0.08_strong,0.046350106596946716,0.09691385924816132,0.0,0.052309782608695655,0.0,0.0,inf,1.0,0.0,0.0,0.0,0.0,0.0,0.0074870829994324595,3205.5207617999245,0.1,,,0.08,strong,1.0,0.5
localized_red_alternation,target,adaptive,adaptive_t0.10_s0.08_strong,0.022347310557961464,0.05276300013065338,0.0,0.012624547101449276,0.09028616547584534,0.038205310702323914,14.178762640933563,0.6823150515556335,1.0,0.9540307971014492,0.9764746784100127,0.9540307971014492,0.22916666666666666,0.019803957984549925,1211.8789596869283,0.1,,,0.08,strong,1.0,0.5
persistent_regular_pattern,target,adaptive,adaptive_t0.10_s0.08_strong,0.0,0.0,0.0,0.0,0.23026631772518158,0.053788185119628906,12.69313109107774,0.8251884579658508,1.0,1.0,1.0,1.0,1.0,0.009718291985336691,2469.569759399292,0.1,,,0.08,strong,1.0,0.5
whole_frame_alternation,target,adaptive,adaptive_t0.10_s0.15_moderate,0.17627429962158203,0.7543075680732727,1.0,1.0,0.2839384973049164,0.17590059340000153,7.547326954492384,0.7528389096260071,1.0,0.9565217391304348,0.9777777777777777,0.9565217391304348,0.4583333333333333,0.015042000013636425,1595.5325075284297,0.1,,,0.15,moderate,0.5,0.25
small_flashing_square,target,adaptive,adaptive_t0.10_s0.15_moderate,0.0034706611186265945,0.010071825236082077,0.0,0.010416666666666666,0.0028108793776482344,0.0010229481849819422,29.901463638893357,0.9827842116355896,1.0,0.8967391304347826,0.9455587392550142,0.8967391304347826,0.009548611111111112,0.015219708002405241,1576.902789212984,0.1,,,0.15,moderate,0.5,0.25
medium_flashing_region,target,adaptive,adaptive_t0.10_s0.15_moderate,0.050032056868076324,0.18857689201831818,0.043478260869565216,0.25,0.06778568029403687,0.03662176430225372,14.362607368154281,0.825681209564209,1.0,0.9540307971014492,0.9764746784100127,0.9540307971014492,0.1618923611111111,0.015052500006277114,1594.4195309743661,0.1,,,0.15,moderate,0.5,0.25
multiple_regions,target,adaptive,adaptive_t0.10_s0.15_moderate,0.036691904067993164,0.09385725110769272,0.0,0.1559386322463768,0.05184456706047058,0.03142096474766731,15.02780484536146,0.834838330745697,1.0,0.926530612244898,0.961864406779661,0.926530612244898,0.12017144097222222,0.015269208000972867,1571.7907568271291,0.1,,,0.15,moderate,0.5,0.25
static_texture,negative,adaptive,adaptive_t0.10_s0.15_moderate,0.0,0.0,0.0,0.0,0.0,0.0,inf,1.0,1.0,1.0,1.0,1.0,0.0,0.0073821250116452575,3251.096393266186,0.1,,,0.15,moderate,0.5,0.25
gradual_transition,negative,adaptive,adaptive_t0.10_s0.15_moderate,0.03379954397678375,0.06708288192749023,0.0,0.0,0.0,0.0,inf,1.0,1.0,1.0,1.0,1.0,0.0,0.007456124993041158,3218.83015941918,0.1,,,0.15,moderate,0.5,0.25
scene_cut,confound,adaptive,adaptive_t0.10_s0.15_moderate,0.028650714084506035,0.6589664220809937,0.043478260869565216,0.043478260869565216,0.0,0.0,inf,1.0,1.0,1.0,1.0,1.0,0.0,0.0073762919928412884,3253.667292901646,0.1,,,0.15,moderate,0.5,0.25
global_brightness_change,confound,adaptive,adaptive_t0.10_s0.15_moderate,0.04362306371331215,0.08227011561393738,0.0,0.0,0.0,0.0,inf,1.0,1.0,1.0,1.0,1.0,0.0,0.0074269589968025684,3231.470647721686,0.1,,,0.15,moderate,0.5,0.25
moving_bright_object,confound,adaptive,adaptive_t0.10_s0.15_moderate,0.00853796023875475,0.008926048874855042,0.0,0.009963768115942028,0.0,0.0,inf,1.0,1.0,1.0,1.0,1.0,0.0,0.007396458007860929,3244.796357187844,0.1,,,0.15,moderate,0.5,0.25
rapid_local_alternation,target,adaptive,adaptive_t0.10_s0.15_moderate,0.046350106596946716,0.09691385924816132,0.0,0.052309782608695655,0.0,0.0,inf,1.0,0.0,0.0,0.0,0.0,0.0,0.007517291989643127,3192.6390558017115,0.1,,,0.15,moderate,0.5,0.25
localized_red_alternation,target,adaptive,adaptive_t0.10_s0.15_moderate,0.037544723600149155,0.05276300013065338,0.0,0.2402626811594203,0.02982555516064167,0.007026192266494036,21.532799702378526,0.8678014874458313,1.0,0.9540307971014492,0.9764746784100127,0.9540307971014492,0.14561631944444445,0.019821499998215586,1210.806447653335,0.1,,,0.15,moderate,0.5,0.25
persistent_regular_pattern,target,adaptive,adaptive_t0.10_s0.15_moderate,0.0,0.0,0.0,0.0,0.11513315886259079,0.013447046279907227,18.713731004357367,0.9644648432731628,1.0,1.0,1.0,1.0,1.0,0.009786625014385208,2452.3265134530825,0.1,,,0.15,moderate,0.5,0.25
whole_frame_alternation,target,adaptive,adaptive_t0.10_s0.15_strong,0.17627429962158203,0.7543075680732727,1.0,1.0,0.2839384973049164,0.17590059340000153,7.547326954492384,0.7528389096260071,1.0,0.9565217391304348,0.9777777777777777,0.9565217391304348,0.4583333333333333,0.015003249980509281,1599.6534105062833,0.1,,,0.15,strong,1.0,0.5
small_flashing_square,target,adaptive,adaptive_t0.10_s0.15_strong,0.0034706611186265945,0.010071825236082077,0.0,0.010416666666666666,0.0028108793776482344,0.0010229481849819422,29.901463638893357,0.9827842116355896,1.0,0.8967391304347826,0.9455587392550142,0.8967391304347826,0.009548611111111112,0.015207957971142605,1578.1211419403226,0.1,,,0.15,strong,1.0,0.5
medium_flashing_region,target,adaptive,adaptive_t0.10_s0.15_strong,0.050032056868076324,0.18857689201831818,0.043478260869565216,0.25,0.06778568029403687,0.03662176430225372,14.362607368154281,0.825681209564209,1.0,0.9540307971014492,0.9764746784100127,0.9540307971014492,0.1618923611111111,0.014977207989431918,1602.434847465206,0.1,,,0.15,strong,1.0,0.5
multiple_regions,target,adaptive,adaptive_t0.10_s0.15_strong,0.036691904067993164,0.09385725110769272,0.0,0.1559386322463768,0.05184456706047058,0.03142096474766731,15.02780484536146,0.834838330745697,1.0,0.926530612244898,0.961864406779661,0.926530612244898,0.12017144097222222,0.01536312501411885,1562.1821717875616,0.1,,,0.15,strong,1.0,0.5
static_texture,negative,adaptive,adaptive_t0.10_s0.15_strong,0.0,0.0,0.0,0.0,0.0,0.0,inf,1.0,1.0,1.0,1.0,1.0,0.0,0.0074295410013291985,3230.347607706348,0.1,,,0.15,strong,1.0,0.5
gradual_transition,negative,adaptive,adaptive_t0.10_s0.15_strong,0.03379954397678375,0.06708288192749023,0.0,0.0,0.0,0.0,inf,1.0,1.0,1.0,1.0,1.0,0.0,0.007514750002883375,3193.719018036703,0.1,,,0.15,strong,1.0,0.5
scene_cut,confound,adaptive,adaptive_t0.10_s0.15_strong,0.028650714084506035,0.6589664220809937,0.043478260869565216,0.043478260869565216,0.0,0.0,inf,1.0,1.0,1.0,1.0,1.0,0.0,0.007470000011380762,3212.8514007276176,0.1,,,0.15,strong,1.0,0.5
global_brightness_change,confound,adaptive,adaptive_t0.10_s0.15_strong,0.04362306371331215,0.08227011561393738,0.0,0.0,0.0,0.0,inf,1.0,1.0,1.0,1.0,1.0,0.0,0.007492208998883143,3203.3276172057745,0.1,,,0.15,strong,1.0,0.5
moving_bright_object,confound,adaptive,adaptive_t0.10_s0.15_strong,0.00853796023875475,0.008926048874855042,0.0,0.009963768115942028,0.0,0.0,inf,1.0,1.0,1.0,1.0,1.0,0.0,0.007458749983925372,3217.6973422789724,0.1,,,0.15,strong,1.0,0.5
rapid_local_alternation,target,adaptive,adaptive_t0.10_s0.15_strong,0.046350106596946716,0.09691385924816132,0.0,0.052309782608695655,0.0,0.0,inf,1.0,0.0,0.0,0.0,0.0,0.0,0.007477042003301904,3209.825488395206,0.1,,,0.15,strong,1.0,0.5
localized_red_alternation,target,adaptive,adaptive_t0.10_s0.15_strong,0.038294050842523575,0.05276300013065338,0.0,0.25,0.07797564566135406,0.03144647553563118,15.02428022434941,0.7108235359191895,1.0,0.9540307971014492,0.9764746784100127,0.9540307971014492,0.22862413194444445,0.019852708996040747,1208.9030270270093,0.1,,,0.15,strong,1.0,0.5
persistent_regular_pattern,target,adaptive,adaptive_t0.10_s0.15_strong,0.0,0.0,0.0,0.0,0.23026631772518158,0.053788185119628906,12.69313109107774,0.8251884579658508,1.0,1.0,1.0,1.0,1.0,0.009877708012936637,2429.7134485619213,0.1,,,0.15,strong,1.0,0.5
whole_frame_alternation,target,adaptive,adaptive_t0.15_s0.03_moderate,0.061491645872592926,0.7543075680732727,0.043478260869565216,0.043478260869565216,0.3138059973716736,0.21485283970832825,6.678589018753208,0.7388558983802795,1.0,0.9565217391304348,0.9777777777777777,0.9565217391304348,0.4583333333333333,0.01499266698374413,1600.782570974338,0.15,,,0.03,moderate,0.5,0.25
small_flashing_square,target,adaptive,adaptive_t0.15_s0.03_moderate,0.0024360998068004847,0.010071825236082077,0.0,0.007133152173913043,0.00315130059607327,0.001244984450750053,29.048360726611126,0.9820954203605652,1.0,0.8967391304347826,0.9455587392550142,0.8967391304347826,0.009548611111111112,0.015089166001416743,1590.5451631817562,0.15,,,0.03,moderate,0.5,0.25
medium_flashing_region,target,adaptive,adaptive_t0.15_s0.03_moderate,0.022282416000962257,0.18857689201831818,0.043478260869565216,0.039939990942028984,0.07583373039960861,0.045089561492204666,13.45923988300478,0.8170168995857239,1.0,0.9540307971014492,0.9764746784100127,0.9540307971014492,0.16273328993055555,0.015055625000968575,1594.088588049716,0.15,,,0.03,moderate,0.5,0.25
multiple_regions,target,adaptive,adaptive_t0.15_s0.03_moderate,0.019716866314411163,0.08630311489105225,0.0,0.04172327898550725,0.05692467838525772,0.03697742521762848,14.320633325685828,0.8310506939888,1.0,0.926530612244898,0.961864406779661,0.926530612244898,0.12086317274305555,0.015222374990116805,1576.626512983822,0.15,,,0.03,moderate,0.5,0.25
static_texture,negative,adaptive,adaptive_t0.15_s0.03_moderate,0.0,0.0,0.0,0.0,0.0,0.0,inf,1.0,1.0,1.0,1.0,1.0,0.0,0.007419542002025992,3234.701008963427,0.15,,,0.03,moderate,0.5,0.25
gradual_transition,negative,adaptive,adaptive_t0.15_s0.03_moderate,0.03379954397678375,0.06708288192749023,0.0,0.0,0.0,0.0,inf,1.0,1.0,1.0,1.0,1.0,0.0,0.00744499999564141,3223.64002875091,0.15,,,0.03,moderate,0.5,0.25
scene_cut,confound,adaptive,adaptive_t0.15_s0.03_moderate,0.028650714084506035,0.6589664220809937,0.043478260869565216,0.043478260869565216,0.0,0.0,inf,1.0,1.0,1.0,1.0,1.0,0.0,0.007165082992287353,3349.577391613483,0.15,,,0.03,moderate,0.5,0.25
global_brightness_change,confound,adaptive,adaptive_t0.15_s0.03_moderate,0.04362306371331215,0.08227011561393738,0.0,0.0,0.0,0.0,inf,1.0,1.0,1.0,1.0,1.0,0.0,0.007496290985727683,3201.5832957517273,0.15,,,0.03,moderate,0.5,0.25
moving_bright_object,confound,adaptive,adaptive_t0.15_s0.03_moderate,0.00853796023875475,0.008926048874855042,0.0,0.009963768115942028,0.0,0.0,inf,1.0,1.0,1.0,1.0,1.0,0.0,0.00741045898757875,3238.6657884792667,0.15,,,0.03,moderate,0.5,0.25
rapid_local_alternation,target,adaptive,adaptive_t0.15_s0.03_moderate,0.046350106596946716,0.09691385924816132,0.0,0.052309782608695655,0.0,0.0,inf,1.0,0.0,0.0,0.0,0.0,0.0,0.007503000000724569,3198.7205114863796,0.15,,,0.03,moderate,0.5,0.25
localized_red_alternation,target,adaptive,adaptive_t0.15_s0.03_moderate,0.011699904687702656,0.05276300013065338,0.0,0.012567934782608696,0.06280678510665894,0.01919971965253353,17.167051126634608,0.7153026461601257,1.0,0.9540307971014492,0.9764746784100127,0.9540307971014492,0.22916666666666666,0.019767999998293817,1214.0833671626592,0.15,,,0.03,moderate,0.5,0.25
persistent_regular_pattern,target,adaptive,adaptive_t0.15_s0.03_moderate,0.0,0.0,0.0,0.0,0.11513315886259079,0.013447046279907227,18.713731004357367,0.9644648432731628,1.0,1.0,1.0,1.0,1.0,0.009713540988741443,2470.7776523326966,0.15,,,0.03,moderate,0.5,0.25
whole_frame_alternation,target,adaptive,adaptive_t0.15_s0.03_strong,0.061491645872592926,0.7543075680732727,0.043478260869565216,0.043478260869565216,0.3138059973716736,0.21485283970832825,6.678589018753208,0.7388558983802795,1.0,0.9565217391304348,0.9777777777777777,0.9565217391304348,0.4583333333333333,0.015033125004265457,1596.4744517982992,0.15,,,0.03,strong,1.0,0.5
small_flashing_square,target,adaptive,adaptive_t0.15_s0.03_strong,0.0024360998068004847,0.010071825236082077,0.0,0.007133152173913043,0.00315130059607327,0.001244984450750053,29.048360726611126,0.9820954203605652,1.0,0.8967391304347826,0.9455587392550142,0.8967391304347826,0.009548611111111112,0.015232875011861324,1575.5397442250403,0.15,,,0.03,strong,1.0,0.5
medium_flashing_region,target,adaptive,adaptive_t0.15_s0.03_strong,0.022282416000962257,0.18857689201831818,0.043478260869565216,0.039939990942028984,0.07583373039960861,0.045089561492204666,13.45923988300478,0.8170168995857239,1.0,0.9540307971014492,0.9764746784100127,0.9540307971014492,0.16273328993055555,0.015044875006424263,1595.2276100500562,0.15,,,0.03,strong,1.0,0.5
multiple_regions,target,adaptive,adaptive_t0.15_s0.03_strong,0.019716866314411163,0.08630311489105225,0.0,0.04172327898550725,0.05692467838525772,0.03697742521762848,14.320633325685828,0.8310506939888,1.0,0.926530612244898,0.961864406779661,0.926530612244898,0.12086317274305555,0.01532145802048035,1566.4305556245988,0.15,,,0.03,strong,1.0,0.5
static_texture,negative,adaptive,adaptive_t0.15_s0.03_strong,0.0,0.0,0.0,0.0,0.0,0.0,inf,1.0,1.0,1.0,1.0,1.0,0.0,0.0074487089877948165,3222.0348572249936,0.15,,,0.03,strong,1.0,0.5
gradual_transition,negative,adaptive,adaptive_t0.15_s0.03_strong,0.03379954397678375,0.06708288192749023,0.0,0.0,0.0,0.0,inf,1.0,1.0,1.0,1.0,1.0,0.0,0.0075084579875692725,3196.395323744705,0.15,,,0.03,strong,1.0,0.5
scene_cut,confound,adaptive,adaptive_t0.15_s0.03_strong,0.028650714084506035,0.6589664220809937,0.043478260869565216,0.043478260869565216,0.0,0.0,inf,1.0,1.0,1.0,1.0,1.0,0.0,0.007461083005182445,3216.6911939365473,0.15,,,0.03,strong,1.0,0.5
global_brightness_change,confound,adaptive,adaptive_t0.15_s0.03_strong,0.04362306371331215,0.08227011561393738,0.0,0.0,0.0,0.0,inf,1.0,1.0,1.0,1.0,1.0,0.0,0.0074936249875463545,3202.7223192894717,0.15,,,0.03,strong,1.0,0.5
moving_bright_object,confound,adaptive,adaptive_t0.15_s0.03_strong,0.00853796023875475,0.008926048874855042,0.0,0.009963768115942028,0.0,0.0,inf,1.0,1.0,1.0,1.0,1.0,0.0,0.007434792001731694,3228.066097129547,0.15,,,0.03,strong,1.0,0.5
rapid_local_alternation,target,adaptive,adaptive_t0.15_s0.03_strong,0.046350106596946716,0.09691385924816132,0.0,0.052309782608695655,0.0,0.0,inf,1.0,0.0,0.0,0.0,0.0,0.0,0.007447124982718378,3222.7201847281776,0.15,,,0.03,strong,1.0,0.5
localized_red_alternation,target,adaptive,adaptive_t0.15_s0.03_strong,0.010931313969194889,0.05276300013065338,0.0,0.011973505434782608,0.09577205777168274,0.04271742329001427,13.6939495178189,0.6819837689399719,1.0,0.9540307971014492,0.9764746784100127,0.9540307971014492,0.22916666666666666,0.019801791990175843,1212.011519558785,0.15,,,0.03,strong,1.0,0.5
persistent_regular_pattern,target,adaptive,adaptive_t0.15_s0.03_strong,0.0,0.0,0.0,0.0,0.23026631772518158,0.053788185119628906,12.69313109107774,0.8251884579658508,1.0,1.0,1.0,1.0,1.0,0.009767833020305261,2457.0444591046007,0.15,,,0.03,strong,1.0,0.5
whole_frame_alternation,target,adaptive,adaptive_t0.15_s0.08_moderate,0.10931773483753204,0.7543075680732727,0.043478260869565216,0.043478260869565216,0.30172327160835266,0.1986260712146759,7.019637475750327,0.7442982792854309,1.0,0.9565217391304348,0.9777777777777777,0.9565217391304348,0.4583333333333333,0.014991415984695777,1600.916152583637,0.15,,,0.08,moderate,0.5,0.25
small_flashing_square,target,adaptive,adaptive_t0.15_s0.08_moderate,0.0028726921882480383,0.010071825236082077,0.0,0.008746603260869566,0.0030067076440900564,0.001148041570559144,29.400423858600163,0.9824111461639404,1.0,0.8967391304347826,0.9455587392550142,0.8967391304347826,0.009548611111111112,0.01556933400570415,1541.4917549592744,0.15,,,0.08,moderate,0.5,0.25
medium_flashing_region,target,adaptive,adaptive_t0.15_s0.08_moderate,0.033870115876197815,0.18857689201831818,0.043478260869565216,0.06051856884057971,0.072530098259449,0.04153107851743698,13.816267905831241,0.8206574320793152,1.0,0.9540307971014492,0.9764746784100127,0.9540307971014492,0.16267903645833334,0.014947542018489912,1605.6151553420834,0.15,,,0.08,moderate,0.5,0.25
multiple_regions,target,adaptive,adaptive_t0.15_s0.08_moderate,0.026832202449440956,0.08944963663816452,0.0,0.06480695199275362,0.05480830743908882,0.03462876379489899,14.60563011963005,0.8328418731689453,1.0,0.926530612244898,0.961864406779661,0.926530612244898,0.1207546657986111,0.01524483400862664,1574.3037927745916,0.15,,,0.08,moderate,0.5,0.25
static_texture,negative,adaptive,adaptive_t0.15_s0.08_moderate,0.0,0.0,0.0,0.0,0.0,0.0,inf,1.0,1.0,1.0,1.0,1.0,0.0,0.007450625009369105,3221.2062705907465,0.15,,,0.08,moderate,0.5,0.25
gradual_transition,negative,adaptive,adaptive_t0.15_s0.08_moderate,0.03379954397678375,0.06708288192749023,0.0,0.0,0.0,0.0,inf,1.0,1.0,1.0,1.0,1.0,0.0,0.007539458019891754,3183.2526869543567,0.15,,,0.08,moderate,0.5,0.25
scene_cut,confound,adaptive,adaptive_t0.15_s0.08_moderate,0.028650714084506035,0.6589664220809937,0.043478260869565216,0.043478260869565216,0.0,0.0,inf,1.0,1.0,1.0,1.0,1.0,0.0,0.007343000004766509,3268.41890023438,0.15,,,0.08,moderate,0.5,0.25
global_brightness_change,confound,adaptive,adaptive_t0.15_s0.08_moderate,0.04362306371331215,0.08227011561393738,0.0,0.0,0.0,0.0,inf,1.0,1.0,1.0,1.0,1.0,0.0,0.007473250007024035,3211.454183580455,0.15,,,0.08,moderate,0.5,0.25
moving_bright_object,confound,adaptive,adaptive_t0.15_s0.08_moderate,0.00853796023875475,0.008926048874855042,0.0,0.009963768115942028,0.0,0.0,inf,1.0,1.0,1.0,1.0,1.0,0.0,0.007368834019871429,3256.960318997489,0.15,,,0.08,moderate,0.5,0.25
rapid_local_alternation,target,adaptive,adaptive_t0.15_s0.08_moderate,0.046350106596946716,0.09691385924816132,0.0,0.052309782608695655,0.0,0.0,inf,1.0,0.0,0.0,0.0,0.0,0.0,0.007523624983150512,3189.9516594393067,0.15,,,0.08,moderate,0.5,0.25
localized_red_alternation,target,adaptive,adaptive_t0.15_s0.08_moderate,0.022075381129980087,0.05276300013065338,0.0,0.01378509963768116,0.05420892685651779,0.013773874379694462,18.609438821793823,0.7431530952453613,1.0,0.9540307971014492,0.9764746784100127,0.9540307971014492,0.22916666666666666,0.01970204198732972,1218.1478455600832,0.15,,,0.08,moderate,0.5,0.25
persistent_regular_pattern,target,adaptive,adaptive_t0.15_s0.08_moderate,0.0,0.0,0.0,0.0,0.11513315886259079,0.013447046279907227,18.713731004357367,0.9644648432731628,1.0,1.0,1.0,1.0,1.0,0.009735500003444031,2465.204662473397,0.15,,,0.08,moderate,0.5,0.25
whole_frame_alternation,target,adaptive,adaptive_t0.15_s0.08_strong,0.10931773483753204,0.7543075680732727,0.043478260869565216,0.043478260869565216,0.30172327160835266,0.1986260712146759,7.019637475750327,0.7442982792854309,1.0,0.9565217391304348,0.9777777777777777,0.9565217391304348,0.4583333333333333,0.014995166013250127,1600.5157914752635,0.15,,,0.08,strong,1.0,0.5
small_flashing_square,target,adaptive,adaptive_t0.15_s0.08_strong,0.0028726921882480383,0.010071825236082077,0.0,0.008746603260869566,0.0030067076440900564,0.001148041570559144,29.400423858600163,0.9824111461639404,1.0,0.8967391304347826,0.9455587392550142,0.8967391304347826,0.009548611111111112,0.015129583014640957,1586.2961971109914,0.15,,,0.08,strong,1.0,0.5
medium_flashing_region,target,adaptive,adaptive_t0.15_s0.08_strong,0.033870115876197815,0.18857689201831818,0.043478260869565216,0.06051856884057971,0.072530098259449,0.04153107851743698,13.816267905831241,0.8206574320793152,1.0,0.9540307971014492,0.9764746784100127,0.9540307971014492,0.16267903645833334,0.015040208003483713,1595.7226119772388,0.15,,,0.08,strong,1.0,0.5
multiple_regions,target,adaptive,adaptive_t0.15_s0.08_strong,0.026832202449440956,0.08944963663816452,0.0,0.06480695199275362,0.05480830743908882,0.03462876379489899,14.60563011963005,0.8328418731689453,1.0,0.926530612244898,0.961864406779661,0.926530612244898,0.1207546657986111,0.015183750016149133,1580.6371926878458,0.15,,,0.08,strong,1.0,0.5
static_texture,negative,adaptive,adaptive_t0.15_s0.08_strong,0.0,0.0,0.0,0.0,0.0,0.0,inf,1.0,1.0,1.0,1.0,1.0,0.0,0.007923166995169595,3029.0917779003953,0.15,,,0.08,strong,1.0,0.5
gradual_transition,negative,adaptive,adaptive_t0.15_s0.08_strong,0.03379954397678375,0.06708288192749023,0.0,0.0,0.0,0.0,inf,1.0,1.0,1.0,1.0,1.0,0.0,0.008043500012718141,2983.7757148072255,0.15,,,0.08,strong,1.0,0.5
scene_cut,confound,adaptive,adaptive_t0.15_s0.08_strong,0.028650714084506035,0.6589664220809937,0.043478260869565216,0.043478260869565216,0.0,0.0,inf,1.0,1.0,1.0,1.0,1.0,0.0,0.007800416002282873,3076.758982210199,0.15,,,0.08,strong,1.0,0.5
global_brightness_change,confound,adaptive,adaptive_t0.15_s0.08_strong,0.04362306371331215,0.08227011561393738,0.0,0.0,0.0,0.0,inf,1.0,1.0,1.0,1.0,1.0,0.0,0.0077687080192845315,3089.316774478327,0.15,,,0.08,strong,1.0,0.5
moving_bright_object,confound,adaptive,adaptive_t0.15_s0.08_strong,0.00853796023875475,0.008926048874855042,0.0,0.009963768115942028,0.0,0.0,inf,1.0,1.0,1.0,1.0,1.0,0.0,0.007855792006012052,3055.07070218162,0.15,,,0.08,strong,1.0,0.5
rapid_local_alternation,target,adaptive,adaptive_t0.15_s0.08_strong,0.046350106596946716,0.09691385924816132,0.0,0.052309782608695655,0.0,0.0,inf,1.0,0.0,0.0,0.0,0.0,0.0,0.008528375008609146,2814.135163588925,0.15,,,0.08,strong,1.0,0.5
localized_red_alternation,target,adaptive,adaptive_t0.15_s0.08_strong,0.022347310557961464,0.05276300013065338,0.0,0.012624547101449276,0.09028616547584534,0.038205310702323914,14.178762640933563,0.6823150515556335,1.0,0.9540307971014492,0.9764746784100127,0.9540307971014492,0.22916666666666666,0.020847874984610826,1151.1964657172955,0.15,,,0.08,strong,1.0,0.5
persistent_regular_pattern,target,adaptive,adaptive_t0.15_s0.08_strong,0.0,0.0,0.0,0.0,0.23026631772518158,0.053788185119628906,12.69313109107774,0.8251884579658508,1.0,1.0,1.0,1.0,1.0,0.010076167003717273,2381.8581005203646,0.15,,,0.08,strong,1.0,0.5
whole_frame_alternation,target,adaptive,adaptive_t0.15_s0.15_moderate,0.17627429962158203,0.7543075680732727,1.0,1.0,0.2839384973049164,0.17590059340000153,7.547326954492384,0.7528389096260071,1.0,0.9565217391304348,0.9777777777777777,0.9565217391304348,0.4583333333333333,0.016416250000474975,1461.9660397049024,0.15,,,0.15,moderate,0.5,0.25
small_flashing_square,target,adaptive,adaptive_t0.15_s0.15_moderate,0.0034706611186265945,0.010071825236082077,0.0,0.010416666666666666,0.0028108793776482344,0.0010229481849819422,29.901463638893357,0.9827842116355896,1.0,0.8967391304347826,0.9455587392550142,0.8967391304347826,0.009548611111111112,0.016543083998840302,1450.7573075058096,0.15,,,0.15,moderate,0.5,0.25
medium_flashing_region,target,adaptive,adaptive_t0.15_s0.15_moderate,0.050032056868076324,0.18857689201831818,0.043478260869565216,0.25,0.06778568029403687,0.03662176430225372,14.362607368154281,0.825681209564209,1.0,0.9540307971014492,0.9764746784100127,0.9540307971014492,0.1618923611111111,0.015951667010085657,1504.5449472350242,0.15,,,0.15,moderate,0.5,0.25
multiple_regions,target,adaptive,adaptive_t0.15_s0.15_moderate,0.036691904067993164,0.09385725110769272,0.0,0.1559386322463768,0.05184456706047058,0.03142096474766731,15.02780484536146,0.834838330745697,1.0,0.926530612244898,0.961864406779661,0.926530612244898,0.12017144097222222,0.01615862498874776,1485.2748929263887,0.15,,,0.15,moderate,0.5,0.25
static_texture,negative,adaptive,adaptive_t0.15_s0.15_moderate,0.0,0.0,0.0,0.0,0.0,0.0,inf,1.0,1.0,1.0,1.0,1.0,0.0,0.00922899998840876,2600.4984321316506,0.15,,,0.15,moderate,0.5,0.25
gradual_transition,negative,adaptive,adaptive_t0.15_s0.15_moderate,0.03379954397678375,0.06708288192749023,0.0,0.0,0.0,0.0,inf,1.0,1.0,1.0,1.0,1.0,0.0,0.007821125007467344,3068.612249143904,0.15,,,0.15,moderate,0.5,0.25
scene_cut,confound,adaptive,adaptive_t0.15_s0.15_moderate,0.028650714084506035,0.6589664220809937,0.043478260869565216,0.043478260869565216,0.0,0.0,inf,1.0,1.0,1.0,1.0,1.0,0.0,0.030488000018522143,787.1949614740049,0.15,,,0.15,moderate,0.5,0.25
global_brightness_change,confound,adaptive,adaptive_t0.15_s0.15_moderate,0.04362306371331215,0.08227011561393738,0.0,0.0,0.0,0.0,inf,1.0,1.0,1.0,1.0,1.0,0.0,0.007901083998149261,3037.557885173949,0.15,,,0.15,moderate,0.5,0.25
moving_bright_object,confound,adaptive,adaptive_t0.15_s0.15_moderate,0.00853796023875475,0.008926048874855042,0.0,0.009963768115942028,0.0,0.0,inf,1.0,1.0,1.0,1.0,1.0,0.0,0.007927334023406729,3027.499526213496,0.15,,,0.15,moderate,0.5,0.25
rapid_local_alternation,target,adaptive,adaptive_t0.15_s0.15_moderate,0.046350106596946716,0.09691385924816132,0.0,0.052309782608695655,0.0,0.0,inf,1.0,0.0,0.0,0.0,0.0,0.0,0.008121665974613279,2955.0587373353264,0.15,,,0.15,moderate,0.5,0.25
localized_red_alternation,target,adaptive,adaptive_t0.15_s0.15_moderate,0.037544723600149155,0.05276300013065338,0.0,0.2402626811594203,0.02982555516064167,0.007026192266494036,21.532799702378526,0.8678014874458313,1.0,0.9540307971014492,0.9764746784100127,0.9540307971014492,0.14561631944444445,0.020479375001741573,1171.9107637786324,0.15,,,0.15,moderate,0.5,0.25
persistent_regular_pattern,target,adaptive,adaptive_t0.15_s0.15_moderate,0.0,0.0,0.0,0.0,0.11513315886259079,0.013447046279907227,18.713731004357367,0.9644648432731628,1.0,1.0,1.0,1.0,1.0,0.010384749999502674,2311.081152762403,0.15,,,0.15,moderate,0.5,0.25
whole_frame_alternation,target,adaptive,adaptive_t0.15_s0.15_strong,0.17627429962158203,0.7543075680732727,1.0,1.0,0.2839384973049164,0.17590059340000153,7.547326954492384,0.7528389096260071,1.0,0.9565217391304348,0.9777777777777777,0.9565217391304348,0.4583333333333333,0.015709958010120317,1527.6934530658361,0.15,,,0.15,strong,1.0,0.5
small_flashing_square,target,adaptive,adaptive_t0.15_s0.15_strong,0.0034706611186265945,0.010071825236082077,0.0,0.010416666666666666,0.0028108793776482344,0.0010229481849819422,29.901463638893357,0.9827842116355896,1.0,0.8967391304347826,0.9455587392550142,0.8967391304347826,0.009548611111111112,0.015933874994516373,1506.2249458000376,0.15,,,0.15,strong,1.0,0.5
medium_flashing_region,target,adaptive,adaptive_t0.15_s0.15_strong,0.050032056868076324,0.18857689201831818,0.043478260869565216,0.25,0.06778568029403687,0.03662176430225372,14.362607368154281,0.825681209564209,1.0,0.9540307971014492,0.9764746784100127,0.9540307971014492,0.1618923611111111,0.015866250003455207,1512.6447645015992,0.15,,,0.15,strong,1.0,0.5
multiple_regions,target,adaptive,adaptive_t0.15_s0.15_strong,0.036691904067993164,0.09385725110769272,0.0,0.1559386322463768,0.05184456706047058,0.03142096474766731,15.02780484536146,0.834838330745697,1.0,0.926530612244898,0.961864406779661,0.926530612244898,0.12017144097222222,0.015779124980326742,1520.9968886058614,0.15,,,0.15,strong,1.0,0.5
static_texture,negative,adaptive,adaptive_t0.15_s0.15_strong,0.0,0.0,0.0,0.0,0.0,0.0,inf,1.0,1.0,1.0,1.0,1.0,0.0,0.008195374975912273,2928.4810116120925,0.15,,,0.15,strong,1.0,0.5
gradual_transition,negative,adaptive,adaptive_t0.15_s0.15_strong,0.03379954397678375,0.06708288192749023,0.0,0.0,0.0,0.0,inf,1.0,1.0,1.0,1.0,1.0,0.0,0.007644291006727144,3139.5979010845444,0.15,,,0.15,strong,1.0,0.5
scene_cut,confound,adaptive,adaptive_t0.15_s0.15_strong,0.028650714084506035,0.6589664220809937,0.043478260869565216,0.043478260869565216,0.0,0.0,inf,1.0,1.0,1.0,1.0,1.0,0.0,0.007685832999413833,3122.6283477445295,0.15,,,0.15,strong,1.0,0.5
global_brightness_change,confound,adaptive,adaptive_t0.15_s0.15_strong,0.04362306371331215,0.08227011561393738,0.0,0.0,0.0,0.0,inf,1.0,1.0,1.0,1.0,1.0,0.0,0.008004416973562911,2998.3445489243627,0.15,,,0.15,strong,1.0,0.5
moving_bright_object,confound,adaptive,adaptive_t0.15_s0.15_strong,0.00853796023875475,0.008926048874855042,0.0,0.009963768115942028,0.0,0.0,inf,1.0,1.0,1.0,1.0,1.0,0.0,0.009005667001474649,2664.9886117341534,0.15,,,0.15,strong,1.0,0.5
rapid_local_alternation,target,adaptive,adaptive_t0.15_s0.15_strong,0.046350106596946716,0.09691385924816132,0.0,0.052309782608695655,0.0,0.0,inf,1.0,0.0,0.0,0.0,0.0,0.0,0.008493708010064438,2825.621032835331,0.15,,,0.15,strong,1.0,0.5
localized_red_alternation,target,adaptive,adaptive_t0.15_s0.15_strong,0.038294050842523575,0.05276300013065338,0.0,0.25,0.07797564566135406,0.03144647553563118,15.02428022434941,0.7108235359191895,1.0,0.9540307971014492,0.9764746784100127,0.9540307971014492,0.22862413194444445,0.038715083996066824,619.9134167560693,0.15,,,0.15,strong,1.0,0.5
persistent_regular_pattern,target,adaptive,adaptive_t0.15_s0.15_strong,0.0,0.0,0.0,0.0,0.23026631772518158,0.053788185119628906,12.69313109107774,0.8251884579658508,1.0,1.0,1.0,1.0,1.0,0.01116454100701958,2149.6629359783146,0.15,,,0.15,strong,1.0,0.5
